Name,Team,Position,Age,Games ,At Bats,Runs,Hits,Doubles,Triples,Home Runs,RBIs,Stolen Bases,Caught Stealing,Walks,Strikeouts,Sac Bunts,Sac Flies,Hit By Pitch,Batting Average,On Base Percent,Slug Percent,OPS
Whit Merrifield,KC,2B,31,162,681,105,206,41,10,16,74,20,10,45,126,0,4,5,0.3024963289,0.3482993197,0.4625550661,0.8108543858
Rafael Devers,BOS,3B,23,156,647,129,201,54,4,32,115,8,8,48,119,1,2,4,0.3106646059,0.3609129815,0.5548686244,0.9157816059
Jonathan Villar,BAL,2B,28,162,642,111,176,33,5,24,73,40,9,61,176,2,4,4,0.2741433022,0.3389592124,0.453271028,0.7922302404
Ozzie Albies,ATL,2B,23,160,640,102,189,43,8,24,86,15,4,54,112,0,4,4,0.2953125,0.3518518519,0.5,0.8518518519
Eduardo Escobar,ARI,2B,31,158,636,94,171,29,10,35,118,5,1,50,130,0,10,3,0.2688679245,0.3204577969,0.5110062893,0.8314640862
Starlin Castro,MIA,2B,30,162,636,68,172,31,4,22,86,2,2,28,111,0,9,3,0.2704402516,0.300295858,0.4355345912,0.7358304492
Jose Abreu,CWS,1B,33,159,634,85,180,38,1,33,123,2,2,36,152,0,10,13,0.2839116719,0.3304473304,0.5031545741,0.8336019046
Jorge Polanco,MIN,SS,26,153,631,107,186,40,7,22,79,4,3,60,116,2,7,4,0.294770206,0.3561253561,0.4849445325,0.8410698886
Ronald Acuna,ATL,OF,22,156,626,127,175,22,2,41,101,37,9,76,188,0,1,9,0.2795527157,0.3651685393,0.517571885,0.8827404243
Eric Hosmer,SD,1B,30,160,619,72,164,29,2,22,99,0,3,40,163,0,5,3,0.2649434572,0.3103448276,0.4248788368,0.7352236644
Amed Rosario,NYM,SS,24,157,616,75,177,30,7,15,72,19,10,31,124,2,3,3,0.2873376623,0.3231240429,0.4318181818,0.7549422247
Xander Bogaerts,BOS,SS,27,155,614,110,190,52,0,33,117,4,2,76,122,0,6,2,0.3094462541,0.3839541547,0.5553745928,0.9393287476
Cesar Hernandez,PHI,2B,29,161,612,77,171,31,3,14,71,9,2,45,100,0,4,6,0.2794117647,0.3328335832,0.408496732,0.7413303152
DJ LeMahieu,NYY,2B,31,145,602,109,197,33,2,26,102,5,2,46,90,1,4,2,0.3272425249,0.374617737,0.5182724252,0.8928901623
Trey Mancini,BAL,1B,28,154,602,106,175,38,2,35,97,1,0,63,143,0,5,9,0.2906976744,0.3637702504,0.5348837209,0.8986539713
Elvis Andrus,TEX,SS,31,147,600,81,165,27,4,12,72,31,8,34,96,0,10,4,0.275,0.3132716049,0.3933333333,0.7066049383
Paul Goldschmidt,STL,1B,32,161,597,97,155,25,1,34,97,3,1,78,166,0,3,2,0.2596314908,0.3455882353,0.4757118928,0.8213001281
Freddie Freeman,ATL,1B,30,158,597,113,176,34,2,38,121,6,3,87,127,0,2,6,0.2948073702,0.3887283237,0.5494137353,0.938142059
Mookie Betts,BOS,OF,27,150,597,135,176,40,5,29,80,16,3,97,101,0,9,3,0.2948073702,0.3909348442,0.5242881072,0.9152229514
Pete Alonso,NYM,1B,25,161,597,103,155,30,2,53,120,1,0,72,183,0,3,21,0.2596314908,0.3578643579,0.5829145729,0.9407789307
David Fletcher,LAA,2B,25,154,596,83,173,30,4,6,49,8,3,55,64,1,1,0,0.2902684564,0.3496932515,0.3842281879,0.7339214395
Kevin Pillar,SF,OF,31,156,595,82,157,37,3,21,87,14,5,18,86,0,6,9,0.2638655462,0.2929936306,0.4420168067,0.7350104373
Jorge Soler,KC,OF,28,162,589,95,156,33,1,48,117,3,1,73,178,0,4,10,0.2648556876,0.3535502959,0.5687606112,0.9223109071
Trevor Story,COL,SS,27,145,588,111,173,38,5,35,85,23,8,58,174,0,3,7,0.2942176871,0.362804878,0.5544217687,0.9172266468
Nolan Arenado,COL,3B,28,155,588,102,185,31,2,41,118,3,2,62,93,0,8,4,0.3146258503,0.3791540785,0.5833333333,0.9624874119
Manny Machado,SD,SS,27,156,587,81,150,21,2,32,85,5,3,65,128,0,3,6,0.2555366269,0.3343419062,0.461669506,0.7960114122
Randal Grichuk,TOR,OF,28,151,586,75,136,29,5,31,80,2,1,35,163,0,2,5,0.2320819113,0.2802547771,0.457337884,0.737592661
Paul DeJong,STL,SS,26,159,583,97,136,31,1,30,78,9,5,62,149,0,6,13,0.2332761578,0.3177710843,0.4442538593,0.7620249437
Matt Chapman,OAK,3B,26,156,583,102,145,36,3,36,91,1,1,73,147,0,3,11,0.2487135506,0.3417910448,0.5060034305,0.8477944753
Charlie Blackmon,COL,OF,33,140,580,112,182,42,7,32,86,2,5,40,104,0,5,9,0.3137931034,0.3643533123,0.575862069,0.9402153813
Leury Garcia,CWS,OF,29,140,577,93,161,27,3,8,40,15,5,21,139,11,3,6,0.2790294627,0.3097199341,0.3778162912,0.6875362253
Jean Segura,PHI,SS,30,144,576,79,161,37,4,12,60,10,2,30,73,1,3,8,0.2795138889,0.322528363,0.4201388889,0.7426672519
J.D. Martinez,BOS,OF,32,146,575,98,175,33,2,36,105,2,0,72,138,0,5,4,0.3043478261,0.3826219512,0.5565217391,0.9391436903
Michael Brantley,HOU,OF,32,148,575,88,179,40,2,22,90,3,2,51,66,0,4,7,0.3113043478,0.3720565149,0.5026086957,0.8746652106
Eugenio Suarez,CIN,3B,28,159,575,87,156,22,2,49,103,3,2,70,189,0,6,11,0.2713043478,0.3580060423,0.572173913,0.9301799553
Carlos Santana,CLE,1B,33,158,573,110,161,30,1,34,93,4,0,108,108,0,2,3,0.2809773124,0.3965014577,0.5148342059,0.9113356637
Bryce Harper,PHI,OF,27,157,573,98,149,36,1,35,114,15,3,99,178,0,4,6,0.260034904,0.3724340176,0.5095986038,0.8820326214
Rhys Hoskins,PHI,1B,27,160,570,86,129,33,5,29,85,2,2,116,173,0,6,11,0.2263157895,0.3641536273,0.4543859649,0.8185395922
Ketel Marte,ARI,2B,26,144,569,97,187,36,9,32,92,10,2,53,86,0,2,4,0.3286467487,0.3885350318,0.5922671353,0.9808021672
Tommy Pham,TB,OF,32,145,567,77,155,33,2,21,68,25,4,81,123,0,1,5,0.2733686067,0.3685015291,0.4497354497,0.8182369788
Adam Eaton,WAS,OF,31,151,566,103,158,25,7,15,49,15,3,65,106,9,3,13,0.2791519435,0.3647604328,0.4275618375,0.7923222702
Yuli Gurriel,HOU,1B,35,144,564,85,168,40,2,31,104,5,3,37,65,0,6,5,0.2978723404,0.3431372549,0.5407801418,0.8839173967
Shin-Soo Choo,TEX,OF,37,151,563,93,149,31,2,24,61,15,1,78,165,0,1,18,0.2646536412,0.3712121212,0.4547069272,0.8259190484
Lorenzo Cain,MIL,OF,33,148,562,75,146,30,0,11,48,18,8,50,106,0,4,6,0.2597864769,0.3247588424,0.371886121,0.6966449634
Eddie Rosario,MIN,OF,28,137,562,91,155,28,1,32,109,3,1,22,86,0,6,0,0.2758007117,0.3,0.5,0.8
Cody Bellinger,LAD,1B,24,156,558,121,170,34,3,47,115,15,5,95,108,0,4,3,0.3046594982,0.4060606061,0.6290322581,1.035092864
Nick Ahmed,ARI,SS,30,158,556,79,141,33,6,19,82,8,2,52,113,1,12,4,0.2535971223,0.3157051282,0.4370503597,0.7527554879
Alex Gordon,KC,OF,36,150,556,77,148,31,1,13,76,5,3,51,100,1,6,19,0.2661870504,0.3449367089,0.3956834532,0.7406201621
Alex Bregman,HOU,SS,26,156,554,122,164,37,2,41,112,5,1,119,83,0,8,9,0.2960288809,0.4231884058,0.5920577617,1.015246168
Adam Frazier,PIT,2B,28,152,554,80,154,33,7,10,50,5,5,40,75,4,1,9,0.2779783394,0.3360927152,0.416967509,0.7530602243
Kole Calhoun,LAA,OF,32,152,552,92,128,29,1,33,74,4,1,70,162,0,2,7,0.231884058,0.324881141,0.4673913043,0.7922724454
Michael Conforto,NYM,OF,27,151,549,90,141,29,1,33,92,7,2,84,149,0,5,10,0.2568306011,0.362654321,0.4936247723,0.8562790933
Josh Donaldson,ATL,3B,34,155,549,96,142,33,0,37,94,4,2,100,155,0,2,8,0.2586520947,0.3793626707,0.5209471767,0.9003098474
Gleyber Torres,NYY,2B,23,144,546,96,152,26,0,38,90,5,2,48,129,1,6,3,0.2783882784,0.3366500829,0.5347985348,0.8714486177
Victor Robles,WAS,OF,22,155,546,86,139,33,3,17,65,28,9,35,140,6,5,25,0.2545787546,0.325695581,0.4194139194,0.7451095004
Anthony Rendon,WAS,3B,29,146,545,117,174,44,3,34,126,5,1,80,86,0,9,12,0.319266055,0.4117647059,0.5981651376,1.009929843
Kris Bryant,CHC,3B,28,147,543,108,153,35,1,31,77,4,0,74,145,0,2,15,0.2817679558,0.38170347,0.5211786372,0.9028821072
Juan Soto,WAS,OF,21,150,542,110,153,32,5,34,110,12,1,108,132,0,6,3,0.2822878229,0.4006069803,0.5479704797,0.94857746
Andrew Benintendi,BOS,OF,25,138,541,72,144,40,5,13,68,10,3,59,140,3,5,7,0.2661737523,0.3431372549,0.4306839187,0.7738211736
Renato Nunez,BAL,1B,25,151,541,72,132,24,0,31,90,1,1,44,143,0,4,10,0.2439926063,0.3105175292,0.46025878,0.7707763093
Starling Marte,PIT,OF,31,132,539,97,159,31,6,23,82,25,6,25,94,2,4,16,0.2949907236,0.3424657534,0.5027829314,0.8452486848
J.T. Realmuto,PHI,C,29,145,538,92,148,36,3,25,83,9,1,41,123,0,8,5,0.2750929368,0.3277027027,0.4925650558,0.8202677585
Javier Baez,CHC,SS,27,138,531,89,149,38,4,29,85,11,7,28,156,0,2,0,0.2806026365,0.3155080214,0.5310734463,0.8465814677
Willy Adames,TB,SS,24,152,531,69,135,25,1,20,52,4,2,46,153,3,1,3,0.2542372881,0.3166953528,0.418079096,0.7347744489
Austin Meadows,TB,OF,24,138,530,83,154,29,7,33,89,12,7,54,131,0,0,7,0.2905660377,0.3637901861,0.558490566,0.9222807522
Christian Walker,ARI,1B,29,152,529,86,137,26,1,29,73,8,1,67,155,0,1,6,0.258979206,0.3482587065,0.4763705104,0.8246292169
Kyle Schwarber,CHC,OF,27,155,529,82,132,29,3,38,92,2,3,70,156,0,6,5,0.2495274102,0.3393442623,0.5311909263,0.8705351886
Josh Bell,PIT,1B,27,143,527,94,146,37,3,37,116,0,1,74,118,0,7,5,0.2770398482,0.3670473083,0.569259962,0.9363072704
Brandon Belt,SF,1B,31,156,526,76,123,32,3,17,57,4,3,83,127,0,4,3,0.2338403042,0.3392857143,0.4030418251,0.7423275394
Joey Votto,CIN,1B,36,142,525,79,137,32,1,15,47,5,0,76,123,0,3,4,0.260952381,0.3569078947,0.4114285714,0.7683364662
Max Kepler,MIN,OF,27,134,524,98,132,32,0,36,90,1,5,60,99,0,4,8,0.2519083969,0.3355704698,0.5190839695,0.8546544393
Hanser Alberto,BAL,2B,27,139,524,62,160,21,2,12,51,4,4,16,50,3,3,4,0.3053435115,0.3290676417,0.4217557252,0.7508233669
Hunter Dozier,KC,3B,28,139,523,75,146,29,10,26,84,2,2,55,148,0,5,3,0.2791586998,0.3481228669,0.5219885277,0.8701113946
Mike Moustakas,MIL,2B,31,143,523,80,133,30,1,35,87,3,0,53,98,0,2,6,0.2543021033,0.3287671233,0.5162523901,0.8450195133
Rougned Odor,TEX,2B,26,145,522,77,107,30,1,30,93,11,9,52,178,1,1,5,0.2049808429,0.2827586207,0.438697318,0.7214559387
Trea Turner,WAS,SS,26,122,521,96,155,37,5,19,57,35,5,43,113,0,2,3,0.2975047985,0.3532513181,0.4971209213,0.8503722394
Jason Heyward,CHC,OF,30,147,513,78,129,20,4,21,62,8,3,68,110,0,3,5,0.2514619883,0.3429541596,0.4288499025,0.7718040621
Yasmani Grandal,MIL,C,31,153,513,79,126,26,2,28,77,5,1,109,139,0,5,5,0.2456140351,0.3797468354,0.4678362573,0.8475830928
Anthony Rizzo,CHC,1B,30,146,512,89,150,29,3,27,94,5,2,71,86,0,3,27,0.29296875,0.4045676998,0.51953125,0.9240989498
Yoan Moncada,CWS,3B,24,132,511,83,161,34,5,25,79,10,3,40,154,1,3,4,0.3150684932,0.3673835125,0.5479452055,0.915328718
Mallex Smith,SEA,OF,26,134,510,70,116,19,9,6,37,46,9,42,141,2,1,11,0.2274509804,0.2996453901,0.3352941176,0.6349395077
Jeff McNeil,NYM,2B,27,133,510,83,162,38,1,23,75,5,6,35,75,0,1,21,0.3176470588,0.3844797178,0.531372549,0.9158522668
Jose Iglesias,CIN,SS,30,146,504,62,145,21,3,11,59,6,6,20,70,1,2,3,0.2876984127,0.3175803403,0.4067460317,0.724326372
Josh Reddick,HOU,OF,33,141,501,57,138,19,3,14,56,5,2,36,66,1,9,0,0.2754491018,0.3186813187,0.4091816367,0.7278629554
Brandon Crawford,SF,SS,33,147,500,58,114,24,2,11,59,3,2,53,117,0,4,3,0.228,0.3035714286,0.35,0.6535714286
Jose Altuve,HOU,2B,29,124,500,89,149,27,3,31,74,6,5,41,82,1,3,3,0.298,0.352833638,0.55,0.902833638
Tim Anderson,CWS,SS,26,123,498,81,167,32,0,18,56,17,5,15,109,0,2,3,0.3353413655,0.3571428571,0.5080321285,0.8651749857
Yolmer Sanchez,CWS,2B,27,149,496,59,125,20,4,2,43,5,4,44,117,7,3,5,0.252016129,0.3175182482,0.3205645161,0.6380827643
Orlando Arcia,MIL,SS,25,152,494,51,110,16,1,15,59,8,5,43,109,2,6,1,0.2226720648,0.2830882353,0.3502024291,0.6332906644
Jackie Bradley,BOS,OF,29,147,494,69,111,28,3,21,62,8,6,56,155,3,2,12,0.2246963563,0.3173758865,0.4210526316,0.7384285181
Miguel Cabrera,DET,1B,36,136,493,41,139,21,0,12,59,0,0,48,108,0,5,3,0.2819472617,0.3460837887,0.3975659229,0.7436497116
Kevin Newman,PIT,2B,26,130,493,61,152,20,6,12,64,16,8,28,62,2,1,7,0.30831643,0.3534971645,0.4462474645,0.799744629
Albert Pujols,LAA,1B,40,131,491,55,120,22,0,23,93,3,0,43,68,0,8,3,0.2443991853,0.304587156,0.4297352342,0.7343223902
Brett Gardner,NYY,OF,36,141,491,86,123,26,7,28,74,10,2,52,108,0,3,4,0.250509165,0.3254545455,0.5030549898,0.8285095353
Bryan Reynolds,PIT,OF,25,134,491,83,154,37,4,16,68,3,2,46,121,0,3,6,0.3136456212,0.3772893773,0.5030549898,0.8803443671
Avisail Garcia,TB,OF,28,125,489,61,138,25,2,20,72,10,4,31,125,0,3,7,0.282208589,0.3320754717,0.4642126789,0.7962881506
Christian Yelich,MIL,OF,28,130,489,100,161,29,3,44,97,30,2,80,118,0,3,8,0.3292433538,0.4293103448,0.6707566462,1.100066991
Corey Seager,LAD,SS,25,134,489,82,133,44,1,19,87,1,0,44,98,0,4,4,0.2719836401,0.3345656192,0.4826175869,0.8171832061
Max Muncy,LAD,2B,29,141,487,101,122,22,1,35,98,4,1,90,149,0,4,8,0.250513347,0.3735144312,0.5154004107,0.8889148419
Dexter Fowler,STL,OF,34,150,487,69,116,24,1,19,67,8,5,74,142,1,4,8,0.2381930185,0.3455497382,0.40862423,0.7541739682
Adam Jones,ARI,OF,34,137,485,66,126,25,1,16,67,2,1,31,101,0,3,8,0.2597938144,0.3130929791,0.4144329897,0.7275259688
Marcell Ozuna,STL,OF,29,130,485,80,117,23,1,29,89,12,2,62,114,0,1,1,0.2412371134,0.3278688525,0.4721649485,0.8000338009
Miguel Rojas,MIA,SS,31,132,483,52,137,29,1,5,46,9,5,32,62,1,5,5,0.2836438923,0.3314285714,0.3788819876,0.710310559
Dansby Swanson,ATL,SS,26,127,483,77,121,26,3,17,65,10,5,51,124,1,5,5,0.2505175983,0.3253676471,0.4223602484,0.7477278955
Matt Olson,OAK,1B,26,127,483,73,129,26,0,36,91,0,0,51,138,0,1,12,0.2670807453,0.3510054845,0.5445134576,0.895518942
Christian Vazquez,BOS,C,29,138,482,66,133,26,1,23,72,4,2,33,101,3,3,0,0.27593361,0.3204633205,0.4771784232,0.7976417437
Jose Ramirez,CLE,3B,27,129,482,68,123,33,3,23,83,24,4,52,74,0,6,2,0.255186722,0.3265682657,0.479253112,0.8058213777
Khris Davis,OAK,OF,32,133,481,61,106,11,0,23,73,0,0,47,146,0,2,3,0.2203742204,0.2926829268,0.3866943867,0.6793773135
Ryan McMahon,COL,2B,25,141,480,70,120,22,1,24,83,5,1,56,160,1,1,1,0.25,0.3289962825,0.45,0.7789962825
George Springer,HOU,OF,30,122,479,96,140,20,3,39,96,6,2,67,113,0,4,6,0.2922755741,0.3830935252,0.5908141962,0.9739077214
Justin Turner,LAD,3B,35,135,479,80,139,24,0,27,67,2,0,51,88,0,5,14,0.2901878914,0.3715846995,0.509394572,0.8809792715
Kolten Wong,STL,2B,29,148,478,61,136,25,4,11,59,24,4,47,83,6,5,13,0.2845188285,0.3609576427,0.4225941423,0.783551785
Danny Santana,TEX,1B,29,130,474,81,134,23,6,28,81,21,6,25,151,0,5,6,0.2827004219,0.3235294118,0.5337552743,0.857284686
Wilson Ramos,NYM,C,32,141,473,52,136,19,0,14,73,1,0,44,69,0,3,4,0.2875264271,0.3511450382,0.4164904863,0.7676355244
Mike Trout,LAA,OF,28,134,470,110,137,27,2,45,104,11,2,110,120,0,4,16,0.2914893617,0.4383333333,0.6446808511,1.083014184
Eloy Jimenez,CWS,OF,23,122,468,69,125,18,2,31,79,0,0,30,134,0,2,4,0.2670940171,0.3154761905,0.5128205128,0.8282967033
Colin Moran,PIT,3B,27,149,466,46,129,30,1,13,80,0,1,30,117,0,4,3,0.2768240343,0.3220675944,0.4291845494,0.7512521438
Vladimir Guerrero,TOR,3B,21,123,464,52,126,26,2,15,69,0,1,46,91,0,2,2,0.2715517241,0.3385214008,0.4331896552,0.771711056
Daniel Vogelbach,SEA,1B,27,144,462,73,96,17,0,30,76,0,0,92,149,0,2,2,0.2077922078,0.3405017921,0.4393939394,0.7798957315
Brian Anderson,MIA,3B,26,126,459,57,120,33,1,20,66,5,1,44,114,0,3,14,0.2614379085,0.3423076923,0.4684095861,0.8107172784
Ryan Braun,MIL,OF,36,144,459,70,131,31,2,22,75,11,1,34,105,0,3,8,0.2854030501,0.3432539683,0.5054466231,0.8487005913
Jurickson Profar,OAK,2B,27,139,459,65,100,24,2,20,67,9,1,48,75,0,3,8,0.2178649237,0.3011583012,0.4095860566,0.7107443578
C.J. Cron,MIN,1B,30,125,458,51,116,24,0,25,78,0,0,29,107,0,2,10,0.2532751092,0.3106212425,0.4694323144,0.7800535569
Jason Kipnis,CLE,2B,32,121,458,52,112,23,1,17,65,7,2,40,88,5,6,2,0.2445414847,0.3043478261,0.4104803493,0.7148281754
Scott Kingery,PHI,3B,25,126,458,64,118,34,4,19,55,15,4,34,147,1,2,5,0.2576419214,0.3146292585,0.4737991266,0.7884283852
Nelson Cruz,MIN,OF,39,120,454,81,141,26,0,41,108,0,1,56,131,0,3,7,0.3105726872,0.3923076923,0.6387665198,1.031074212
Evan Longoria,SF,3B,34,129,453,59,115,19,2,20,69,3,1,43,112,0,5,7,0.2538631347,0.3248031496,0.4370860927,0.7618892423
Domingo Santana,SEA,OF,27,121,451,63,114,20,1,21,69,8,3,50,164,0,2,2,0.2527716186,0.3287128713,0.4412416851,0.7699545564
Freddy Galvis,TOR,2B,30,115,450,55,120,24,1,18,54,4,1,21,112,1,1,0,0.2666666667,0.2987288136,0.4444444444,0.743173258
Joc Pederson,LAD,1B,27,149,450,83,112,16,3,36,74,1,1,50,111,0,2,12,0.2488888889,0.3385214008,0.5377777778,0.8762991786
Todd Frazier,NYM,3B,34,133,447,63,112,19,2,21,67,1,2,40,106,0,0,12,0.2505592841,0.3286573146,0.4429530201,0.7716103348
Kevin Kiermaier,TB,OF,29,129,447,60,102,20,7,14,55,19,5,26,104,1,1,5,0.2281879195,0.2776617954,0.3982102908,0.6758720862
Ian Desmond,COL,OF,34,140,443,64,113,31,4,20,65,3,3,34,119,1,2,2,0.2550790068,0.3097713098,0.4785553047,0.7883266145
Gio Urshela,NYY,3B,28,132,442,73,139,34,0,21,74,1,1,25,87,0,4,5,0.314479638,0.3550420168,0.5339366516,0.8889786684
Hunter Renfroe,SD,OF,28,140,440,64,95,19,1,33,64,5,0,46,154,0,6,2,0.2159090909,0.2894736842,0.4886363636,0.7781100478
James McCann,CWS,C,29,118,439,62,120,26,1,18,60,4,1,30,137,1,0,6,0.2733485194,0.3284210526,0.4601366743,0.7885577269
Daniel Murphy,COL,1B,34,132,438,56,122,35,1,13,78,1,1,32,74,0,4,2,0.2785388128,0.3277310924,0.4520547945,0.779785887
Oscar Mercado,CLE,OF,25,115,438,70,118,25,3,15,54,15,4,28,84,7,4,5,0.2694063927,0.3178947368,0.4429223744,0.7608171113
Wil Myers,SD,OF,29,155,435,58,104,22,1,18,53,16,7,51,168,1,1,2,0.2390804598,0.3210633947,0.4183908046,0.7394541993
Ramon Laureano,OAK,OF,25,123,434,79,125,29,0,24,67,13,2,27,123,1,8,11,0.2880184332,0.3395833333,0.5207373272,0.8603206605
Jonathan Schoop,MIN,2B,28,121,433,61,111,23,1,23,59,1,1,20,116,0,1,10,0.2563510393,0.3038793103,0.4734411085,0.7773204189
Jorge Alfaro,MIA,C,26,130,431,44,113,14,1,18,57,4,4,22,154,0,2,10,0.2621809745,0.311827957,0.4245939675,0.7364219245
Nomar Mazara,TEX,OF,24,116,429,69,115,27,1,19,66,4,1,28,108,0,6,6,0.2680652681,0.3176972281,0.4685314685,0.7862286967
Luke Voit,NYY,1B,29,118,429,72,113,21,1,21,62,0,0,71,142,0,1,9,0.2634032634,0.3784313725,0.4638694639,0.8423008364
Omar Narvaez,SEA,C,28,132,428,63,119,12,0,22,55,0,0,47,92,0,3,4,0.2780373832,0.3526970954,0.4602803738,0.8129774693
Raimel Tapia,COL,OF,26,138,426,54,117,23,5,9,44,9,3,21,100,0,0,0,0.2746478873,0.3087248322,0.4154929577,0.72421779
Marwin Gonzalez,MIN,3B,31,114,425,52,112,19,0,15,55,1,0,31,98,0,1,6,0.2635294118,0.3218142549,0.4141176471,0.7359319019
Niko Goodrum,DET,2B,28,112,423,61,105,27,5,12,45,12,3,46,138,0,2,1,0.2482269504,0.3220338983,0.4208037825,0.7428376808
Harold Ramirez,MIA,OF,25,119,421,54,116,20,3,11,50,2,1,18,91,0,1,5,0.2755344418,0.3123595506,0.4156769596,0.7280365102
Robbie Grossman,OAK,OF,30,138,420,57,101,21,3,6,38,9,4,59,86,0,2,1,0.2404761905,0.3340248963,0.3476190476,0.6816439439
Yadier Molina,STL,C,37,113,419,45,113,24,0,10,57,6,0,23,58,0,5,5,0.2696897375,0.3119469027,0.3985680191,0.7105149217
Brandon Drury,TOR,3B,27,120,418,43,91,21,1,15,41,0,1,25,113,0,3,1,0.2177033493,0.2617449664,0.3803827751,0.6421277416
Teoscar Hernandez,TOR,OF,27,125,417,58,96,19,2,26,65,6,3,45,153,0,1,1,0.2302158273,0.3060344828,0.4724220624,0.7784565451
Brian Dozier,WAS,2B,32,135,416,54,99,20,0,20,50,3,4,61,105,0,1,4,0.2379807692,0.3402489627,0.4302884615,0.7705374242
Matt Carpenter,STL,3B,34,129,416,59,94,20,2,15,46,6,1,63,129,1,5,7,0.2259615385,0.33401222,0.3918269231,0.725839143
Adalberto Mondesi,KC,SS,24,102,415,58,109,20,10,9,62,43,7,19,132,3,6,0,0.2626506024,0.2909090909,0.4240963855,0.7150054765
Enrique Hernandez,LAD,2B,28,130,414,57,98,19,1,17,64,4,0,36,97,0,4,6,0.2367149758,0.3043478261,0.4106280193,0.7149758454
Nick Markakis,ATL,OF,36,116,414,61,118,25,2,9,62,2,0,47,59,0,6,2,0.2850241546,0.3560767591,0.4202898551,0.7763666141
Justin Smoak,TOR,1B,33,121,414,54,86,16,0,22,61,0,0,79,106,0,1,6,0.2077294686,0.342,0.4057971014,0.7477971014
Brian Goodwin,LAA,OF,29,136,413,65,108,29,3,17,47,7,3,38,129,1,3,3,0.2615012107,0.3260393873,0.4697336562,0.7957730435
Ji-Man Choi,TB,1B,28,127,410,54,107,20,2,19,63,2,3,64,108,0,7,6,0.2609756098,0.363449692,0.4585365854,0.8219862774
Mark Canha,OAK,OF,31,126,410,80,112,16,3,26,58,3,2,67,107,0,2,18,0.2731707317,0.3963782696,0.5170731707,0.9134514403
J.D. Davis,NYM,3B,26,140,410,65,126,22,1,22,57,3,0,38,97,0,2,3,0.3073170732,0.3686534216,0.5268292683,0.8954826899
Buster Posey,SF,C,33,114,405,43,104,24,0,7,38,0,0,34,71,1,1,4,0.2567901235,0.3198198198,0.3679012346,0.6877210544
Nick Castellanos,DET,OF,28,100,403,57,110,37,3,11,37,2,1,31,96,0,2,3,0.2729528536,0.3280182232,0.4615384615,0.7895566848
Jarrod Dyson,ARI,OF,35,130,400,65,92,11,2,7,27,30,4,47,86,1,2,2,0.23,0.3126385809,0.32,0.6326385809
Andrelton Simmons,LAA,SS,30,103,398,47,105,19,0,7,40,10,2,24,37,0,0,2,0.2638190955,0.3089622642,0.364321608,0.6732838722
Manuel Margot,SD,OF,25,151,398,59,93,19,3,12,37,20,4,38,88,3,0,2,0.2336683417,0.303652968,0.3869346734,0.6905876414
Gary Sanchez,NYY,C,27,106,396,62,92,12,1,34,77,0,1,40,125,0,1,9,0.2323232323,0.3161434978,0.5252525253,0.841396023
Eric Thames,MIL,1B,33,149,396,67,98,23,2,25,61,3,2,51,140,0,2,10,0.2474747475,0.3464052288,0.5050505051,0.8514557338
Dee Gordon,SEA,2B,31,117,393,36,108,12,6,3,34,22,5,18,61,3,6,1,0.2748091603,0.3038277512,0.358778626,0.6626063772
Kyle Seager,SEA,3B,32,106,393,55,94,19,1,23,63,2,2,44,86,0,2,4,0.2391857506,0.3205417607,0.4681933842,0.7887351449
Brandon Dixon,DET,1B,28,118,391,41,97,20,4,15,52,5,1,21,136,0,4,4,0.2480818414,0.2904761905,0.4347826087,0.7252587992
Robinson Cano,NYM,2B,37,107,390,46,100,28,0,13,39,0,0,25,69,0,3,5,0.2564102564,0.3073286052,0.4282051282,0.7355337334
Roberto Perez,CLE,C,31,119,389,46,93,9,1,24,63,0,0,45,127,7,4,4,0.2390745501,0.3212669683,0.4524421594,0.7737091277
Maikel Franco,PHI,3B,27,123,389,48,91,17,0,17,56,0,0,36,61,0,3,0,0.233933162,0.296728972,0.4087403599,0.7054693319
David Peralta,ARI,OF,32,99,382,48,105,29,3,12,57,0,0,35,87,0,1,5,0.2748691099,0.3427895981,0.4607329843,0.8035225824
Garrett Cooper,MIA,1B,29,107,381,52,107,16,1,15,50,0,0,33,110,0,2,5,0.280839895,0.3444180523,0.4461942257,0.790612278
Anthony Santander,BAL,OF,25,93,380,46,99,20,1,20,59,1,2,19,86,1,3,2,0.2605263158,0.297029703,0.4763157895,0.7733454924
Miguel Sano,MIN,3B,26,105,380,76,94,19,2,34,79,0,1,55,159,0,1,3,0.2473684211,0.3462414579,0.5763157895,0.9225572473
Nicky Lopez,KC,2B,25,103,379,44,91,22,2,2,30,1,1,18,51,4,0,1,0.2401055409,0.2763819095,0.3245382586,0.6009201681
Melky Cabrera,PIT,OF,35,133,378,43,106,22,1,7,47,2,0,17,41,1,0,1,0.2804232804,0.3131313131,0.3994708995,0.7126022126
Aaron Judge,NYY,OF,27,102,378,75,103,18,1,27,55,3,2,64,141,0,1,3,0.2724867725,0.3811659193,0.5396825397,0.920848459
Jose Peraza,CIN,2B,25,141,376,37,90,18,2,6,33,7,6,17,58,0,2,8,0.2393617021,0.2853598015,0.3457446809,0.6311044823
Nick Senzel,CIN,OF,24,104,375,55,96,20,4,12,42,14,5,30,101,0,1,3,0.256,0.315403423,0.4266666667,0.7420700896
David Dahl,COL,OF,25,100,374,67,113,28,5,15,61,4,4,28,110,2,5,4,0.3021390374,0.3527980535,0.5240641711,0.8768622247
Yasiel Puig,CIN,OF,29,100,373,51,94,15,1,22,61,14,5,23,89,0,3,5,0.2520107239,0.301980198,0.4745308311,0.7765110291
Jake Bauers,CLE,1B,24,117,372,46,84,16,1,12,43,3,3,45,115,0,3,3,0.2258064516,0.3120567376,0.3709677419,0.6830244795
Mike Yastrzemski,SF,OF,29,107,371,64,101,22,3,21,55,2,4,32,107,1,3,4,0.2722371968,0.3341463415,0.5175202156,0.8516665571
Rowdy Tellez,TOR,1B,25,111,370,49,84,19,0,21,54,1,1,29,116,0,3,7,0.227027027,0.293398533,0.4486486486,0.7420471817
Rio Ruiz,BAL,3B,25,127,370,35,86,13,2,12,46,0,1,40,88,1,2,0,0.2324324324,0.3058252427,0.3756756757,0.6815009184
Christin Stewart,DET,OF,26,104,369,32,86,25,1,10,40,0,1,34,103,0,6,7,0.2330623306,0.3052884615,0.3875338753,0.6928223369
Chris Taylor,LAD,2B,29,124,366,52,96,29,4,12,52,8,0,37,115,2,5,4,0.262295082,0.3325242718,0.4617486339,0.7942729057
Robinson Chirinos,HOU,C,35,114,366,57,87,22,1,17,58,1,2,51,125,2,5,13,0.237704918,0.3471264368,0.4426229508,0.7897493876
Willson Contreras,CHC,C,27,105,360,57,98,18,2,24,64,1,2,38,102,0,2,9,0.2722222222,0.3545232274,0.5333333333,0.8878565607
Tony Wolters,COL,C,27,121,359,42,94,17,2,1,42,0,1,36,68,2,6,8,0.2618384401,0.337408313,0.3286908078,0.6660991208
Delino DeShields,TEX,OF,27,118,357,42,89,15,4,4,32,24,6,38,100,8,2,3,0.2492997199,0.325,0.3473389356,0.6723389356
Dwight Smith,BAL,OF,27,101,357,46,86,16,3,13,53,5,1,26,82,1,4,4,0.2408963585,0.2966751918,0.4117647059,0.7084398977
Stephen Piscotty,OAK,OF,29,93,357,46,89,17,1,13,44,2,0,29,84,1,3,3,0.2492997199,0.3086734694,0.4117647059,0.7204381753
Luis Rengifo,LAA,2B,23,108,357,44,85,18,3,7,33,2,5,40,93,1,3,5,0.2380952381,0.3209876543,0.3641456583,0.6851333126
Harold Castro,DET,2B,26,97,354,30,103,10,4,5,38,4,2,9,86,2,4,0,0.290960452,0.3051771117,0.384180791,0.6893579027
Cavan Biggio,TOR,2B,24,100,354,66,83,17,2,16,48,14,0,71,123,0,2,2,0.2344632768,0.3636363636,0.4293785311,0.7930148947
Harrison Bader,STL,OF,25,128,347,54,71,14,3,12,39,11,3,46,117,1,2,10,0.204610951,0.3135802469,0.3659942363,0.6795744832
Michael Chavis,BOS,2B,24,95,347,46,88,10,1,18,58,2,1,31,127,0,0,4,0.2536023055,0.3219895288,0.4438040346,0.7657935634
Danny Jansen,TOR,C,24,107,347,41,72,12,1,13,43,0,1,31,79,1,1,4,0.2074927954,0.2793733681,0.3602305476,0.6396039157
J.P. Crawford,SEA,SS,25,93,345,43,78,21,4,7,46,5,3,43,83,3,3,2,0.2260869565,0.3129770992,0.3710144928,0.683991592
Joe Panik,SF,2B,29,103,344,33,81,17,1,3,27,4,2,36,38,1,4,3,0.2354651163,0.3100775194,0.3168604651,0.6269379845
Alex Verdugo,LAD,OF,23,106,343,43,101,22,2,12,44,4,1,26,49,0,6,2,0.2944606414,0.3421750663,0.4752186589,0.8173937252
Chad Pinder,OAK,2B,28,124,341,45,82,21,0,13,47,0,1,20,88,1,3,5,0.2404692082,0.2899728997,0.4164222874,0.7063951871
Albert Almora,CHC,OF,25,130,339,41,80,11,1,12,32,2,1,16,62,5,2,1,0.2359882006,0.2709497207,0.3805309735,0.6514806941
Jesse Winker,CIN,OF,26,113,338,51,91,17,2,16,38,0,2,38,60,0,0,8,0.2692307692,0.3567708333,0.4733727811,0.8301436144
Neil Walker,MIA,1B,34,115,337,37,88,19,1,8,38,3,0,42,77,0,1,1,0.2611275964,0.343832021,0.3946587537,0.7384907747
Jeimer Candelario,DET,1B,26,94,335,33,68,17,2,8,32,3,1,43,99,0,1,7,0.2029850746,0.3056994819,0.3373134328,0.6430129147
Jose Martinez,STL,OF,31,128,334,45,90,13,2,10,42,3,0,35,82,0,2,2,0.2694610778,0.3404825737,0.4101796407,0.7506622144
Howie Kendrick,WAS,2B,36,121,334,61,115,23,1,17,62,2,1,27,49,0,5,4,0.3443113772,0.3945945946,0.5718562874,0.966450882
Fernando Tatis,SD,SS,21,84,334,61,106,13,6,22,53,16,6,30,110,0,3,5,0.3173652695,0.3790322581,0.5898203593,0.9688526173
Stevie Wilkerson,BAL,OF,28,119,329,41,74,18,2,10,35,3,3,22,108,1,2,7,0.2249240122,0.2861111111,0.3829787234,0.6690898345
Ryan O'Hearn,KC,1B,26,105,328,32,64,13,1,14,38,0,1,39,99,0,2,1,0.1951219512,0.2810810811,0.368902439,0.6499835201
Travis d'Arnaud,TB,C,31,92,327,50,86,16,0,16,67,0,1,30,80,0,6,2,0.2629969419,0.3232876712,0.4587155963,0.7820032676
Luis Arraez,MIN,2B,22,92,326,54,109,20,1,4,28,2,2,36,29,0,3,1,0.3343558282,0.3989071038,0.4386503067,0.8375574106
Tommy Edman,STL,2B,24,92,326,59,99,17,7,11,36,15,1,16,61,0,0,7,0.3036809816,0.3495702006,0.5,0.8495702006
Didi Gregorius,NYY,SS,30,82,324,47,77,14,2,16,61,2,1,17,53,0,2,1,0.237654321,0.2761627907,0.4413580247,0.7175208154
Asdrubal Cabrera,TEX,2B,34,93,323,45,76,15,0,12,51,4,0,38,85,0,4,3,0.2352941176,0.3179347826,0.3931888545,0.7111236371
Franmil Reyes,SD,OF,24,99,321,43,82,9,0,27,46,0,0,29,93,0,4,0,0.2554517134,0.313559322,0.5358255452,0.8493848672
John Hicks,DET,C,30,95,319,29,67,15,0,13,35,1,1,13,109,0,1,0,0.210031348,0.2402402402,0.3793103448,0.6195505851
Curtis Granderson,MIA,OF,39,138,317,44,58,17,1,12,34,0,3,41,98,0,2,3,0.1829652997,0.2809917355,0.356466877,0.6374586125
Logan Forsythe,TEX,3B,33,101,317,38,72,17,1,7,39,2,0,44,100,0,2,3,0.2271293375,0.325136612,0.3533123028,0.6784489149
Tucker Barnhart,CIN,C,29,114,316,32,73,14,0,11,40,1,0,44,83,1,1,2,0.2310126582,0.3278236915,0.3797468354,0.7075705269
Carson Kelly,ARI,C,25,111,314,46,77,19,0,18,47,0,0,48,79,0,1,2,0.2452229299,0.3479452055,0.4777070064,0.8256522118
Josh Phegley,OAK,C,32,106,314,44,75,18,0,12,62,0,1,15,63,2,5,6,0.2388535032,0.2823529412,0.4108280255,0.6931809667
Yan Gomes,WAS,C,32,97,314,36,70,16,0,12,43,2,0,38,84,0,1,5,0.2229299363,0.3156424581,0.3885350318,0.7041774899
Keston Hiura,MIL,2B,23,84,314,51,95,23,2,19,49,9,3,25,107,0,1,8,0.3025477707,0.367816092,0.5700636943,0.9378797862
Lourdes Gurriel,TOR,OF,26,84,314,52,87,19,2,20,50,6,4,20,86,1,3,5,0.2770700637,0.3274853801,0.5414012739,0.868886654
Yordan Alvarez,HOU,1B,22,87,313,58,98,26,0,27,78,0,0,52,94,0,2,2,0.3130990415,0.4119241192,0.6549520767,1.066876196
Austin Hedges,SD,C,27,102,312,28,55,9,0,11,36,1,0,27,109,2,1,5,0.1762820513,0.252173913,0.3108974359,0.5630713489
Greg Garcia,SD,2B,30,134,311,52,77,13,4,4,31,0,2,53,83,1,2,5,0.2475884244,0.3638814016,0.3536977492,0.7175791508
Ben Gamel,MIL,OF,27,134,311,47,77,18,0,7,33,2,2,40,104,0,2,3,0.2475884244,0.3370786517,0.3729903537,0.7100690054
Mitch Garver,MIN,C,29,93,311,70,85,16,1,31,67,0,0,41,87,0,2,5,0.2733118971,0.364902507,0.6302250804,0.9951275873
Matt Adams,WAS,1B,31,111,310,42,70,14,0,20,56,0,0,20,115,0,1,2,0.2258064516,0.2762762763,0.464516129,0.7407924053
Cheslor Cuthbert,KC,1B,27,87,309,24,76,14,0,9,40,1,0,19,67,0,0,2,0.2459546926,0.2939393939,0.3786407767,0.6725801706
Willie Calhoun,TEX,OF,25,83,309,51,83,14,1,21,48,0,0,23,53,0,2,3,0.2686084142,0.3234421365,0.5242718447,0.8477139812
A.J. Pollock,LAD,OF,32,86,308,49,82,15,1,15,47,5,1,23,74,0,4,7,0.2662337662,0.3274853801,0.4675324675,0.7950178476
Chris Davis,BAL,1B,34,105,307,26,55,9,0,12,36,0,0,39,139,0,3,3,0.1791530945,0.2755681818,0.325732899,0.6013010808
Yandy Diaz,TB,3B,28,79,307,53,82,20,1,14,38,2,2,35,61,0,4,1,0.2671009772,0.3400576369,0.4755700326,0.8156276695
Pedro Severino,BAL,C,26,96,305,37,76,13,0,13,44,3,1,29,73,1,2,4,0.2491803279,0.3205882353,0.4196721311,0.7402603664
Tim Beckham,SEA,SS,30,88,304,39,72,21,1,15,47,1,3,21,102,0,0,3,0.2368421053,0.2926829268,0.4605263158,0.7532092426
Elias Diaz,PIT,C,29,101,303,31,73,14,0,2,28,0,0,23,56,1,3,2,0.2409240924,0.2960725076,0.3069306931,0.6030032006
David Bote,CHC,2B,26,127,303,47,78,17,0,11,41,5,1,44,93,0,2,7,0.2574257426,0.3623595506,0.4224422442,0.7848017948
Garrett Hampson,COL,2B,25,105,299,40,74,9,4,8,27,15,3,24,88,2,2,0,0.2474916388,0.3015384615,0.3846153846,0.6861538462
JaCoby Jones,DET,OF,27,88,298,39,70,19,3,11,26,7,2,27,94,1,1,6,0.2348993289,0.3102409639,0.4295302013,0.7397711652
Mitch Moreland,BOS,1B,34,91,298,48,75,17,1,19,58,1,0,34,74,0,2,1,0.2516778523,0.328358209,0.5067114094,0.8350696184
Brandon Lowe,TB,2B,25,82,296,42,80,17,2,17,51,5,0,25,113,0,1,5,0.2702702703,0.3363914373,0.5135135135,0.8499049508
Tommy La Stella,LAA,2B,31,80,292,49,86,8,0,16,44,0,0,20,28,0,0,3,0.2945205479,0.346031746,0.4863013699,0.8323331159
Jake Marisnick,HOU,OF,29,120,292,46,68,16,3,10,34,10,3,17,95,3,0,6,0.2328767123,0.2888888889,0.4109589041,0.699847793
Eric Sogard,TOR,2B,33,73,287,45,86,17,2,10,30,6,0,29,47,3,3,1,0.2996515679,0.3625,0.4773519164,0.8398519164
Hunter Pence,TEX,OF,36,83,286,53,85,17,1,18,59,6,1,26,69,0,2,2,0.2972027972,0.3575949367,0.5524475524,0.9100424892
Richie Martin,BAL,SS,25,120,283,29,59,8,3,6,23,10,1,14,83,5,1,6,0.2084805654,0.2598684211,0.3215547703,0.5814231914
Carlos Correa,HOU,SS,25,75,280,42,78,16,1,21,59,1,0,35,75,0,4,2,0.2785714286,0.3582554517,0.5678571429,0.9261125946
Kurt Suzuki,WAS,C,36,85,280,37,74,11,0,17,63,0,1,20,36,0,3,6,0.2642857143,0.3236245955,0.4857142857,0.8093388812
Brian McCann,ATL,C,36,85,277,28,69,9,0,12,45,0,0,31,53,0,6,2,0.2490974729,0.3227848101,0.4115523466,0.7343371567
Ronny Rodriguez,DET,2B,27,84,276,29,61,12,3,14,43,3,1,13,82,0,5,0,0.2210144928,0.2517006803,0.4384057971,0.6901064774
Victor Reyes,DET,OF,25,69,276,29,84,16,5,3,25,9,3,14,64,0,2,0,0.3043478261,0.3356164384,0.4311594203,0.7667758586
Billy Hamilton,KC,OF,29,93,275,32,58,12,2,0,12,18,5,25,74,3,2,0,0.2109090909,0.2748344371,0.2690909091,0.5439253462
Austin Riley,ATL,OF,22,80,274,41,62,11,1,18,49,0,2,16,108,0,2,5,0.2262773723,0.2794612795,0.4708029197,0.7502641992
Tyler Naquin,CLE,OF,28,89,274,34,79,19,0,10,34,4,2,14,66,2,2,2,0.2883211679,0.3253424658,0.4671532847,0.7924957504
Dawel Lugo,DET,3B,25,77,273,28,67,11,4,6,26,0,0,8,59,0,4,3,0.2454212454,0.2708333333,0.380952381,0.6517857143
Pablo Sandoval,SF,3B,33,108,272,42,73,23,0,14,41,1,0,18,67,2,3,1,0.2683823529,0.3129251701,0.5073529412,0.8202781112
Tyler Flowers,ATL,C,34,85,271,36,62,11,3,11,34,0,0,31,105,0,2,6,0.2287822878,0.3193548387,0.4132841328,0.7326389716
Byron Buxton,MIN,OF,26,87,271,48,71,30,4,10,46,14,3,19,68,2,1,2,0.2619926199,0.3139931741,0.5129151292,0.8269083032
Mike Zunino,TB,C,29,90,266,30,44,10,1,9,32,0,0,20,98,0,0,3,0.1654135338,0.23183391,0.3120300752,0.5438639852
Wilmer Flores,ARI,2B,28,89,265,31,84,18,0,9,37,0,0,15,31,0,1,4,0.3169811321,0.3614035088,0.4867924528,0.8481959616
Jose Osuna,PIT,1B,27,95,261,41,69,20,0,10,36,0,0,18,48,0,4,1,0.2643678161,0.3098591549,0.4559386973,0.7657978522
Steven Duggar,SF,OF,26,73,261,26,61,12,2,4,28,1,4,16,78,0,3,1,0.2337164751,0.2775800712,0.3409961686,0.6185762398
Mike Tauchman,NYY,OF,29,87,260,46,72,18,1,13,47,6,0,34,71,0,1,1,0.2769230769,0.3614864865,0.5038461538,0.8653326403
Tom Murphy,SEA,C,28,76,260,32,71,12,1,18,40,2,0,19,87,0,1,1,0.2730769231,0.3238434164,0.5346153846,0.858458801
Brock Holt,BOS,2B,31,87,259,38,77,14,2,3,31,1,0,28,57,0,4,4,0.2972972973,0.3694915254,0.4015444015,0.771035927
Juan Lagares,NYM,OF,31,133,258,38,55,12,1,5,27,4,1,22,75,2,1,2,0.2131782946,0.2791519435,0.3255813953,0.6047333388
Ian Kinsler,SD,2B,37,87,258,28,56,12,0,9,22,2,4,19,54,0,1,3,0.2170542636,0.2775800712,0.3682170543,0.6457971254
Jordy Mercer,DET,SS,33,74,256,24,69,16,0,9,22,0,0,13,57,0,0,2,0.26953125,0.3099630996,0.4375,0.7474630996
Ronald Guzman,TEX,1B,25,87,256,34,56,20,0,10,36,1,2,32,87,0,4,3,0.21875,0.3084745763,0.4140625,0.7225370763
Jon Berti,MIA,SS,30,73,256,52,70,14,1,6,24,17,3,24,73,0,1,6,0.2734375,0.3484320557,0.40625,0.7546820557
Stephen Vogt,SF,C,35,99,255,30,67,24,2,10,40,3,1,20,66,0,4,1,0.262745098,0.3142857143,0.4901960784,0.8044817927
Josh Naylor,SD,OF,22,94,253,29,63,15,0,8,32,1,1,25,64,0,1,0,0.2490118577,0.3154121864,0.4031620553,0.7185742417
Billy McKinney,TOR,OF,25,84,251,37,54,14,1,12,28,0,2,19,73,2,2,2,0.2151394422,0.2737226277,0.422310757,0.6960333847
Derek Dietrich,CIN,2B,30,113,251,41,47,8,2,19,43,1,1,28,74,0,1,25,0.187250996,0.3278688525,0.4621513944,0.7900202469
Matt Beaty,LAD,1B,26,99,249,36,66,19,1,9,46,5,0,17,33,0,0,2,0.265060241,0.3171641791,0.4578313253,0.7749955044
Dylan Moore,SEA,SS,27,113,247,31,51,14,2,9,28,11,9,25,93,1,0,9,0.2064777328,0.3024911032,0.3886639676,0.6911550708
Mitch Haniger,SEA,OF,29,63,246,46,54,13,1,15,32,4,0,30,81,0,2,5,0.2195121951,0.3144876325,0.4634146341,0.7779022667
Martin Prado,MIA,3B,36,104,245,26,57,9,0,2,15,0,0,12,41,0,3,0,0.2326530612,0.2653846154,0.293877551,0.5592621664
Victor Caratini,CHC,C,26,95,244,31,65,11,0,11,34,1,0,29,59,0,3,3,0.2663934426,0.3476702509,0.4467213115,0.7943915624
Joey Gallo,TEX,OF,26,70,241,54,61,15,1,22,49,4,2,52,114,1,1,2,0.2531120332,0.3885135135,0.5975103734,0.986023887
Edwin Encarnacion,SEA,1B,37,65,241,48,58,7,0,21,49,0,1,41,55,0,3,4,0.2406639004,0.3564013841,0.531120332,0.887521716
Jonathan Lucroy,LAA,C,33,74,240,28,58,8,1,7,30,0,0,21,39,0,3,4,0.2416666667,0.3097014925,0.3708333333,0.6805348259
Cameron Maybin,NYY,OF,32,82,239,48,68,17,0,11,32,9,6,30,72,0,0,0,0.2845188285,0.3643122677,0.4937238494,0.858036117
Martin Maldonado,KC,C,33,74,238,26,54,15,0,6,17,0,0,17,55,2,1,5,0.2268907563,0.2911877395,0.3655462185,0.656733958
Joey Wendle,TB,2B,29,75,238,32,55,13,2,3,19,8,3,14,47,0,3,8,0.231092437,0.2927756654,0.3403361345,0.6331117999
Austin Nola,SEA,1B,30,79,238,37,64,12,1,10,31,1,0,23,63,1,1,4,0.268907563,0.3421052632,0.4537815126,0.7958867758
Jason Castro,MIN,C,32,79,237,39,55,9,0,13,30,0,0,33,88,1,1,3,0.2320675105,0.3321167883,0.4345991561,0.7667159444
Leonys Martin,CLE,OF,32,65,236,32,47,7,0,9,19,4,5,21,78,3,0,4,0.1991525424,0.275862069,0.343220339,0.6190824079
Phillip Ervin,CIN,OF,27,94,236,30,64,11,7,7,23,4,3,18,63,0,2,4,0.2711864407,0.3307692308,0.4661016949,0.7968709257
Hernan Perez,MIL,2B,29,91,232,29,53,11,0,8,18,5,1,11,66,2,1,0,0.2284482759,0.262295082,0.3793103448,0.6416054268
Johan Camargo,ATL,SS,26,98,232,31,54,12,1,7,32,1,0,15,43,1,0,0,0.2327586207,0.2793522267,0.3836206897,0.6629729164
Greg Allen,CLE,OF,27,89,231,30,53,9,3,4,27,8,2,11,53,4,1,9,0.2294372294,0.2896825397,0.3463203463,0.636002886
Travis Shaw,MIL,3B,29,86,230,22,36,5,0,7,16,0,0,36,89,0,0,4,0.1565217391,0.2814814815,0.2695652174,0.5510466989
Welington Castillo,CWS,C,32,72,230,19,48,12,0,12,41,0,0,16,74,0,2,3,0.2086956522,0.2669322709,0.4173913043,0.6843235753
Austin Romine,NYY,C,31,73,228,29,64,12,0,8,35,1,1,10,50,1,1,0,0.2807017544,0.309623431,0.4385964912,0.7482199222
Jeff Mathis,TEX,C,36,88,228,17,36,9,0,2,12,1,0,15,87,0,1,0,0.1578947368,0.2090163934,0.2236842105,0.432700604
Josh VanMeter,CIN,OF,25,95,228,33,54,13,1,8,23,9,3,29,56,0,1,2,0.2368421053,0.3269230769,0.4078947368,0.7348178138
Adam Engel,CWS,OF,28,89,227,26,55,10,2,6,26,3,3,14,78,1,0,6,0.2422907489,0.3036437247,0.3832599119,0.6869036366
Francisco Mejia,SD,C,24,79,226,27,60,11,2,8,22,1,1,13,56,0,1,4,0.2654867257,0.3155737705,0.4380530973,0.7536268678
Lewis Brinson,MIA,OF,25,75,226,15,39,9,1,0,15,1,1,13,74,2,1,6,0.1725663717,0.2357723577,0.2212389381,0.4570112958
Clint Frazier,NYY,OF,25,69,225,31,60,14,0,12,38,1,2,16,70,0,3,2,0.2666666667,0.3170731707,0.4888888889,0.8059620596
Jordan Luplow,CLE,OF,26,85,225,42,62,15,1,15,38,3,2,33,61,0,1,2,0.2755555556,0.3716475096,0.5511111111,0.9227586207
Gordon Beckham,DET,2B,33,83,223,29,48,13,2,6,15,3,1,13,68,0,0,4,0.2152466368,0.2708333333,0.3721973094,0.6430306428
Jesus Aguilar,MIL,1B,29,94,222,26,50,9,0,8,34,0,0,31,59,0,4,2,0.2252252252,0.3204633205,0.3738738739,0.6943371943
Adam Haseley,PHI,OF,23,67,222,30,59,14,0,5,26,4,0,14,60,1,0,5,0.2657657658,0.3236514523,0.3963963964,0.7200478487
Aaron Hicks,NYY,OF,30,59,221,41,52,10,0,12,36,1,2,31,72,0,3,0,0.2352941176,0.3254901961,0.443438914,0.7689291101
Yonder Alonso,CWS,1B,32,67,219,23,39,6,0,7,27,0,1,29,53,0,2,1,0.1780821918,0.2749003984,0.301369863,0.5762702614
Justin Upton,LAA,OF,32,63,219,34,47,8,0,12,40,1,1,32,78,0,5,0,0.2146118721,0.30859375,0.4155251142,0.7241188642
Andrew McCutchen,PHI,OF,33,59,219,45,56,12,1,10,29,2,1,43,55,0,0,0,0.2557077626,0.3778625954,0.4566210046,0.8344836
Tyler White,HOU,1B,29,71,218,16,49,14,0,3,21,0,0,32,74,0,3,0,0.2247706422,0.3201581028,0.3302752294,0.6504333321
Ryan Cordell,CWS,OF,27,97,217,22,48,8,0,7,24,3,1,19,69,6,2,3,0.2211981567,0.2904564315,0.3548387097,0.6452951412
Addison Russell,CHC,2B,26,82,215,25,51,4,1,9,23,2,0,20,58,1,2,3,0.2372093023,0.3083333333,0.3906976744,0.6990310078
Donovan Solano,SF,2B,32,81,215,27,71,13,1,4,23,0,1,10,49,0,2,1,0.3302325581,0.3596491228,0.4558139535,0.8154630763
Luis Urias,SD,2B,22,71,215,27,48,8,1,4,24,0,1,25,56,0,0,9,0.223255814,0.3293172691,0.3255813953,0.6548986644
Tim Locastro,ARI,OF,27,91,212,38,53,12,2,1,17,17,0,14,44,1,1,22,0.25,0.3574297189,0.3396226415,0.6970523604
Nick Castellanos,CHC,OF,28,51,212,43,68,21,0,16,36,0,1,10,47,0,1,2,0.320754717,0.3555555556,0.6462264151,1.001781971
Austin Barnes,LAD,C,30,75,212,28,43,12,1,5,25,3,0,23,56,0,2,5,0.2028301887,0.2933884298,0.3396226415,0.6330110713
Aledmys Diaz,HOU,2B,29,69,210,36,57,12,1,9,40,2,0,26,28,0,6,5,0.2714285714,0.3562753036,0.4666666667,0.8229419703
Russell Martin,LAD,C,37,83,209,29,46,5,0,6,20,1,0,30,60,0,2,8,0.2200956938,0.3373493976,0.3301435407,0.6674929383
Grayson Greiner,DET,C,27,58,208,18,42,5,1,5,19,0,0,13,70,1,1,1,0.2019230769,0.2511210762,0.3076923077,0.5588133839
Curt Casali,CIN,C,31,84,207,24,52,9,0,8,32,0,0,25,59,0,3,1,0.2512077295,0.3305084746,0.4106280193,0.7411364939
Daniel Robertson,TB,2B,26,74,207,23,44,9,1,2,19,2,2,24,59,0,0,6,0.2125603865,0.3122362869,0.2946859903,0.6069222773
Aristides Aquino,CIN,OF,25,56,205,31,53,8,0,19,47,7,0,16,60,0,2,2,0.2585365854,0.3155555556,0.5756097561,0.8911653117
Guillermo Heredia,TB,OF,29,89,204,31,46,13,0,5,20,2,2,18,60,2,1,6,0.2254901961,0.3056768559,0.362745098,0.6684219539
Ehire Adrianza,MIN,SS,30,84,202,34,55,8,3,5,22,0,2,20,40,2,4,6,0.2722772277,0.349137931,0.4158415842,0.7649795152
Isiah Kiner-Falefa,TEX,C,25,65,202,23,48,12,1,1,21,3,0,14,49,1,1,4,0.2376237624,0.2986425339,0.3217821782,0.6204247122
Ildemaro Vargas,ARI,2B,28,92,201,25,54,9,1,6,24,1,0,9,24,0,1,0,0.2686567164,0.2985781991,0.4129353234,0.7115135224
Matt Joyce,ATL,OF,35,129,200,32,59,10,0,7,23,0,0,38,45,0,0,0,0.295,0.4075630252,0.45,0.8575630252
Brandon Nimmo,NYM,OF,27,69,199,34,44,11,1,8,29,3,0,46,71,1,3,5,0.2211055276,0.3754940711,0.4070351759,0.782529247
Ender Inciarte,ATL,OF,29,65,199,30,49,11,2,5,24,7,1,26,41,0,1,4,0.2462311558,0.3434782609,0.3969849246,0.7404631855
Jake Cave,MIN,OF,27,72,198,28,51,11,2,8,25,0,0,21,71,0,1,8,0.2575757576,0.350877193,0.4545454545,0.8054226475
Bo Bichette,TOR,SS,22,46,196,32,61,18,0,11,21,4,4,14,50,0,1,1,0.3112244898,0.358490566,0.5714285714,0.9299191375
Jacob Stallings,PIT,C,30,71,191,26,50,5,0,6,13,0,0,16,40,1,0,2,0.2617801047,0.3253588517,0.3821989529,0.7075578046
Kevan Smith,LAA,C,31,67,191,21,48,12,0,5,20,2,0,16,37,0,1,3,0.2513089005,0.317535545,0.3926701571,0.7102057021
Willians Astudillo,MIN,C,28,58,190,28,51,9,0,4,21,0,0,5,8,0,4,5,0.2684210526,0.2990196078,0.3789473684,0.6779669763
Gerardo Parra,WAS,OF,32,89,188,30,47,11,1,8,42,6,2,11,41,1,1,3,0.25,0.3004926108,0.4468085106,0.7473011215
Jake Lamb,ARI,3B,29,78,187,26,36,8,2,6,30,1,0,32,55,0,2,5,0.192513369,0.3230088496,0.3529411765,0.675950026
Bubba Starling,KC,OF,27,56,186,26,40,7,0,4,12,2,0,9,56,1,0,1,0.2150537634,0.2551020408,0.3172043011,0.5723063419
Ty France,SD,2B,25,69,184,20,43,8,1,7,24,0,2,9,49,0,1,7,0.2336956522,0.2935323383,0.402173913,0.6957062514
Kyle Farmer,CIN,2B,29,97,183,22,42,6,0,9,27,4,1,10,59,0,1,3,0.2295081967,0.2791878173,0.4098360656,0.6890238828
Yasiel Puig,CLE,OF,29,49,182,25,54,15,1,2,23,5,2,21,44,0,1,3,0.2967032967,0.3768115942,0.4230769231,0.7998885173
Isan Diaz,MIA,2B,23,49,179,17,31,5,2,5,23,0,3,19,59,0,1,2,0.1731843575,0.2587064677,0.3072625698,0.5659690375
Austin Dean,MIA,OF,26,64,178,17,40,14,0,6,21,0,2,9,47,1,1,0,0.2247191011,0.2606382979,0.404494382,0.6651326799
Dominic Smith,NYM,1B,24,89,177,35,50,10,0,11,25,1,2,19,44,0,0,1,0.2824858757,0.3553299492,0.5254237288,0.8807536781
Edwin Encarnacion,NYY,1B,37,44,177,33,44,11,0,13,37,0,0,17,48,0,0,3,0.2485875706,0.3248730964,0.5310734463,0.8559465428
Mike Freeman,CLE,2B,32,75,177,27,49,8,0,4,24,1,2,22,61,6,4,4,0.2768361582,0.3623188406,0.3898305085,0.7521493491
Franmil Reyes,CLE,OF,24,51,173,26,41,10,0,10,35,0,0,18,63,0,3,0,0.2369942197,0.3041237113,0.4682080925,0.7723318038
Jung Ho Kang,PIT,3B,32,65,172,15,29,7,1,10,24,0,0,11,60,0,1,1,0.1686046512,0.2216216216,0.3953488372,0.6169704588
Yairo Munoz,STL,3B,25,88,172,20,46,7,1,2,13,8,3,7,37,0,1,1,0.2674418605,0.2983425414,0.3546511628,0.6529937042
Sandy Leon,BOS,C,31,65,172,14,33,3,0,5,19,0,0,13,47,4,1,1,0.1918604651,0.2513368984,0.2965116279,0.5478485263
Ryan Zimmerman,WAS,1B,35,52,171,20,44,9,0,6,27,0,0,17,39,0,2,0,0.2573099415,0.3210526316,0.4152046784,0.7362573099
Will Smith,LAD,C,25,54,170,30,43,9,0,15,42,2,0,18,52,0,3,5,0.2529411765,0.3367346939,0.5705882353,0.9073229292
Travis Demeritte,DET,OF,25,48,169,24,38,7,2,3,10,3,0,14,63,1,1,1,0.224852071,0.2864864865,0.3431952663,0.6296817528
Ryon Healy,SEA,3B,28,47,169,24,40,16,0,7,26,0,0,13,40,0,4,1,0.2366863905,0.2887700535,0.4556213018,0.7443913553
Austin Slater,SF,OF,27,68,168,20,40,9,3,5,21,1,0,22,59,0,0,2,0.2380952381,0.3333333333,0.4166666667,0.75
Matt Wieters,STL,C,33,67,168,15,36,4,0,11,27,1,1,12,47,0,2,1,0.2142857143,0.2677595628,0.4345238095,0.7022833724
Daniel Descalso,CHC,2B,33,82,168,20,29,5,1,2,15,2,1,23,57,1,1,0,0.1726190476,0.2708333333,0.25,0.5208333333
Eduardo Nunez,BOS,2B,32,60,167,13,38,7,0,2,20,5,1,4,27,1,2,0,0.2275449102,0.2427745665,0.3053892216,0.548163788
Chance Sisco,BAL,C,25,59,167,29,35,7,0,8,20,0,1,22,61,0,0,9,0.2095808383,0.3333333333,0.3952095808,0.7285429142
Jon Jay,CWS,OF,35,47,165,12,44,8,0,0,9,0,0,8,30,5,1,3,0.2666666667,0.3107344633,0.3151515152,0.6258859784
Jay Bruce,SEA,OF,32,47,165,27,35,11,0,14,28,1,0,16,53,0,2,1,0.2121212121,0.2826086957,0.5333333333,0.815942029
Alex Avila,ARI,C,33,63,164,22,34,8,0,9,24,1,0,36,68,0,0,1,0.2073170732,0.3532338308,0.4207317073,0.7739655382
Tony Kemp,HOU,2B,28,66,163,23,37,6,2,7,17,4,3,16,29,1,2,4,0.226993865,0.3081081081,0.4171779141,0.7252860222
David Freese,LAD,3B,36,79,162,35,51,13,0,11,29,0,0,23,44,0,0,1,0.3148148148,0.4032258065,0.5987654321,1.001991239
Manny Pina,MIL,C,32,76,158,10,36,8,0,7,25,0,0,16,50,0,1,4,0.2278481013,0.312849162,0.4113924051,0.7242415671
Kevin Plawecki,CLE,C,29,60,158,13,35,10,0,3,17,0,1,12,31,0,1,3,0.2215189873,0.2873563218,0.3417721519,0.6291284737
Trent Grisham,MIL,OF,23,51,156,24,36,6,2,6,24,1,0,20,48,0,3,4,0.2307692308,0.3278688525,0.4102564103,0.7381252627
Alex Dickerson,SF,OF,29,56,155,28,45,13,3,6,26,1,1,13,35,0,1,2,0.2903225806,0.350877193,0.5290322581,0.879909451
Gregory Polanco,PIT,OF,28,42,153,23,37,8,1,6,17,3,1,12,49,0,0,1,0.2418300654,0.3012048193,0.4248366013,0.7260414206
Shed Long,SEA,2B,24,42,152,21,40,12,1,5,15,3,3,16,40,0,0,0,0.2631578947,0.3333333333,0.4539473684,0.7872807018
Nate Lowe,TB,1B,24,50,152,24,40,8,0,7,19,0,0,13,50,0,2,2,0.2631578947,0.325443787,0.4539473684,0.7793911554
Justin Bour,LAA,1B,31,52,151,18,26,5,0,8,26,0,0,17,52,0,1,1,0.1721854305,0.2588235294,0.3642384106,0.62306194
Ben Zobrist,CHC,2B,38,47,150,24,39,5,0,1,17,0,0,23,24,0,2,1,0.26,0.3579545455,0.3133333333,0.6712878788
Marco Hernandez,BOS,2B,27,61,148,18,37,7,0,2,11,1,2,3,42,1,0,3,0.25,0.2792207792,0.3378378378,0.6170586171
Matt Duffy,TB,3B,29,46,147,12,37,8,0,1,12,0,1,19,29,0,1,2,0.2517006803,0.3431952663,0.3265306122,0.6697258785
Cole Tucker,PIT,SS,23,56,147,16,31,10,3,2,13,0,0,10,40,1,0,1,0.2108843537,0.2658227848,0.3605442177,0.6263670025
Matt Thaiss,LAA,3B,24,53,147,17,31,7,0,8,23,0,0,17,52,0,0,0,0.2108843537,0.2926829268,0.4217687075,0.7144516343
Jay Bruce,PHI,OF,32,51,145,16,32,6,0,12,31,0,0,3,29,0,1,0,0.2206896552,0.2348993289,0.5103448276,0.7452441564
Chris Iannetta,COL,C,36,52,144,20,32,10,0,6,21,0,0,18,54,0,1,1,0.2222222222,0.3109756098,0.4166666667,0.7276422764
Charlie Tilson,CWS,OF,27,54,144,16,33,5,0,1,12,4,0,10,38,0,0,3,0.2291666667,0.2929936306,0.2847222222,0.5777158528
Ryan Goins,CWS,3B,32,52,144,13,36,6,1,2,10,0,1,17,44,1,0,1,0.25,0.3333333333,0.3472222222,0.6805555556
Sam Travis,BOS,1B,26,59,144,17,31,4,1,6,16,2,0,11,36,0,1,1,0.2152777778,0.2738853503,0.3819444444,0.6558297948
Mike Ford,NYY,1B,27,50,143,30,37,7,0,12,25,0,0,17,28,0,0,3,0.2587412587,0.3496932515,0.5594405594,0.909133811
Pablo Reyes,PIT,OF,26,71,143,18,29,7,2,2,19,1,1,13,36,0,0,1,0.2027972028,0.2738853503,0.3216783217,0.595563672
Erik Gonzalez,PIT,SS,28,53,142,15,36,4,1,1,6,4,1,9,37,3,1,1,0.2535211268,0.3006535948,0.3169014085,0.6175550032
Jose Rondon,CWS,2B,26,55,142,10,28,3,0,3,9,0,0,11,38,1,0,2,0.1971830986,0.264516129,0.2816901408,0.5462062699
Adeiny Hechavarria,NYM,SS,30,60,142,20,29,7,0,5,18,3,1,8,33,0,0,1,0.2042253521,0.2516556291,0.3591549296,0.6108105587
Tyler O'Neill,STL,OF,24,60,141,18,37,6,0,5,16,1,0,10,53,0,0,0,0.2624113475,0.3112582781,0.4113475177,0.7226057959
Ian Happ,CHC,OF,25,58,140,25,37,7,1,11,30,2,0,15,39,0,1,0,0.2642857143,0.3333333333,0.5642857143,0.8976190476
Josh Rojas,ARI,OF,25,41,138,17,30,7,0,2,16,4,2,18,41,0,0,1,0.2173913043,0.3121019108,0.3115942029,0.6236961137
Josh Harrison,DET,2B,32,36,137,10,24,7,1,1,8,4,2,6,27,0,2,2,0.1751824818,0.2176870748,0.2627737226,0.4804607975
Andrew Knapp,PHI,C,28,74,136,12,29,9,0,2,8,0,0,18,51,3,0,3,0.2132352941,0.3184713376,0.3235294118,0.6420007493
Tomas Nido,NYM,C,25,50,136,9,26,5,0,4,14,0,0,7,37,1,0,0,0.1911764706,0.2307692308,0.3161764706,0.5469457014
Charlie Culberson,ATL,OF,30,108,135,14,35,5,2,5,20,0,1,6,44,1,1,1,0.2592592593,0.2937062937,0.437037037,0.7307433307
Mark Reynolds,COL,1B,36,78,135,13,23,7,0,4,20,2,0,22,57,0,3,2,0.1703703704,0.2901234568,0.3111111111,0.6012345679
Chris Owings,KC,2B,28,41,135,9,18,4,1,2,9,4,1,8,55,0,0,2,0.1333333333,0.1931034483,0.2222222222,0.4153256705
Corey Dickerson,PHI,OF,30,34,133,13,39,10,2,8,34,0,0,3,33,0,1,0,0.2932330827,0.3065693431,0.5789473684,0.8855167115
Meibrys Viloria,KC,C,23,42,133,7,28,7,0,1,15,0,1,10,44,1,4,0,0.2105263158,0.2585034014,0.2857142857,0.5442176871
JT Riddle,MIA,OF,28,51,132,15,25,6,0,6,12,0,0,5,42,0,0,2,0.1893939394,0.2302158273,0.3712121212,0.6014279486
Mike Brosseau,TB,2B,26,51,132,17,36,7,0,6,16,1,0,7,39,1,0,2,0.2727272727,0.3191489362,0.4621212121,0.7812701483
Wilmer Difo,WAS,SS,27,43,131,15,33,2,0,2,8,0,1,12,29,1,0,0,0.2519083969,0.3146853147,0.3129770992,0.6276624139
Tyler Austin,SF,1B,28,70,130,24,24,2,1,8,20,1,0,17,57,0,0,0,0.1846153846,0.2789115646,0.4,0.6789115646
Corey Dickerson,PIT,OF,30,44,127,20,40,18,0,4,25,1,0,13,23,0,2,0,0.3149606299,0.3732394366,0.5511811024,0.924420539
Cam Gallagher,KC,C,27,45,126,14,30,7,0,3,12,0,1,11,28,1,1,3,0.2380952381,0.3120567376,0.3650793651,0.6771361027
Odubel Herrera,PHI,OF,28,39,126,12,28,10,1,1,16,2,2,11,33,0,1,1,0.2222222222,0.2877697842,0.3412698413,0.6290396254
DJ Stewart,BAL,OF,26,44,126,15,30,6,0,4,15,1,2,14,26,0,1,1,0.2380952381,0.3169014085,0.380952381,0.6978537894
Asdrubal Cabrera,WAS,2B,34,38,124,24,40,10,1,6,40,0,0,19,18,0,3,0,0.3225806452,0.404109589,0.564516129,0.9686257181
Humberto Arteaga,KC,SS,26,41,122,11,24,4,0,0,4,1,1,8,28,3,0,2,0.1967213115,0.2575757576,0.2295081967,0.4870839543
Adam Duvall,ATL,OF,31,41,120,17,32,4,1,10,19,0,0,7,39,0,1,2,0.2666666667,0.3153846154,0.5666666667,0.8820512821
Jose Trevino,TEX,C,27,40,120,18,31,9,0,2,13,0,0,3,27,1,2,0,0.2583333333,0.272,0.3833333333,0.6553333333
Luke Maile,TOR,C,29,45,119,9,18,2,1,2,9,1,0,8,33,2,0,0,0.1512605042,0.2047244094,0.2352941176,0.4400185271
Brad Miller,PHI,3B,30,66,118,22,31,3,1,12,21,1,0,11,35,0,0,1,0.2627118644,0.3307692308,0.6101694915,0.9409387223
Joey Rickard,BAL,OF,28,42,118,10,24,7,2,2,6,3,2,14,33,0,0,3,0.2033898305,0.3037037037,0.3474576271,0.6511613308
Nick Solak,TEX,3B,25,33,116,19,34,6,1,5,17,2,0,15,29,0,0,4,0.2931034483,0.3925925926,0.4913793103,0.8839719029
Bryan Holaday,MIA,C,32,43,115,12,32,6,0,4,12,0,1,11,21,1,1,1,0.2782608696,0.34375,0.4347826087,0.7785326087
Sean Rodriguez,PHI,3B,34,76,112,24,25,5,0,4,12,1,1,19,41,4,1,3,0.2232142857,0.3481481481,0.375,0.7231481481
Jake Rogers,DET,C,24,35,112,11,14,3,0,4,8,0,0,13,51,2,0,1,0.125,0.2222222222,0.2589285714,0.4811507937
Tim Lopes,SEA,OF,25,41,111,11,30,7,0,1,12,6,3,15,29,0,1,1,0.2702702703,0.359375,0.3603603604,0.7197353604
Eric Sogard,TB,2B,33,37,109,14,29,6,0,3,10,2,0,9,16,0,0,1,0.2660550459,0.3277310924,0.4036697248,0.7314008172
Francisco Cervelli,PIT,C,34,34,109,11,21,3,0,1,5,1,0,9,31,1,0,4,0.1926605505,0.2786885246,0.247706422,0.5263949466
Kendrys Morales,OAK,1B,36,34,108,9,22,1,1,1,7,0,0,14,20,0,1,3,0.2037037037,0.3095238095,0.2592592593,0.5687830688
Roman Quinn,PHI,OF,26,44,108,18,23,3,1,4,11,8,0,12,34,1,0,1,0.212962963,0.2975206612,0.3703703704,0.6678910315
Myles Straw,HOU,SS,25,56,108,27,29,4,2,0,7,8,1,19,24,1,0,0,0.2685185185,0.3779527559,0.3425925926,0.7205453485
Freddy Galvis,CIN,2B,30,32,107,12,25,4,0,5,16,0,1,7,33,0,1,1,0.2336448598,0.2844827586,0.4112149533,0.6956977119
Nick Williams,PHI,OF,26,67,106,9,16,4,0,2,5,0,0,4,43,0,0,2,0.1509433962,0.1964285714,0.2452830189,0.4417115903
Rosell Herrera,MIA,OF,27,63,105,10,21,6,0,2,11,4,1,11,27,1,0,2,0.2,0.2881355932,0.3142857143,0.6024213075
Carlos Gonzalez,CLE,OF,34,30,105,13,22,1,0,2,7,0,1,10,33,0,1,1,0.2095238095,0.2820512821,0.2761904762,0.5582417582
Lucas Duda,KC,1B,34,39,105,7,18,4,0,4,15,0,0,11,32,0,2,1,0.1714285714,0.2521008403,0.3238095238,0.5759103641
Mauricio Dubon,SF,2B,25,28,104,12,29,5,0,4,9,3,1,5,19,0,0,0,0.2788461538,0.3119266055,0.4423076923,0.7542342978
Keon Broxton,BAL,OF,29,37,103,14,21,3,0,4,9,4,1,8,49,1,0,0,0.2038834951,0.2612612613,0.3495145631,0.6107758244
Jace Peterson,BAL,OF,29,29,100,14,22,3,1,2,11,4,1,6,24,0,1,1,0.22,0.2685185185,0.33,0.5985185185
Willi Castro,DET,SS,22,30,100,10,23,6,1,1,8,0,1,6,34,1,1,2,0.23,0.2844036697,0.34,0.6244036697
Reese McGuire,TOR,C,25,30,97,14,29,7,0,5,11,0,0,7,18,0,0,0,0.2989690722,0.3461538462,0.5257731959,0.871927042
Zack Cozart,LAA,3B,34,38,97,4,12,2,0,0,7,0,0,5,16,0,3,2,0.1237113402,0.1775700935,0.1443298969,0.3218999904
Yonathan Daza,COL,OF,26,44,97,7,20,1,1,0,3,1,0,7,21,0,1,0,0.206185567,0.2571428571,0.2371134021,0.4942562592
Cory Spangenberg,MIL,2B,29,32,95,11,22,2,2,2,10,3,0,6,36,1,0,0,0.2315789474,0.2772277228,0.3578947368,0.6351224596
Joe Panik,NYM,2B,29,39,94,17,26,4,1,2,12,0,0,7,9,1,0,1,0.2765957447,0.3333333333,0.4042553191,0.7375886525
Tyler Wade,NYY,2B,25,43,94,16,23,3,1,2,11,7,0,11,28,2,0,1,0.2446808511,0.3301886792,0.3617021277,0.6918908069
Derek Fisher,TOR,OF,26,40,93,14,15,2,0,6,12,1,0,14,43,0,0,0,0.1612903226,0.2710280374,0.376344086,0.6473721234
Jesus Aguilar,TB,1B,29,37,92,13,24,3,0,4,16,0,0,12,22,0,3,0,0.2608695652,0.3364485981,0.4239130435,0.7603616416
Max Stassi,HOU,C,29,31,90,4,15,1,0,1,3,0,0,7,34,0,0,1,0.1666666667,0.2346938776,0.2111111111,0.4458049887
Steve Pearce,BOS,1B,36,29,89,9,16,4,0,1,9,0,0,7,31,0,1,1,0.1797752809,0.2448979592,0.2584269663,0.5033249255
Rafael Ortega,ATL,OF,28,34,88,7,18,3,0,2,10,3,0,8,22,0,0,0,0.2045454545,0.2708333333,0.3068181818,0.5776515152
Michael Taylor,WAS,OF,29,53,88,10,22,7,0,1,3,6,0,7,34,2,0,0,0.25,0.3052631579,0.3636363636,0.6688995215
Carlos Gomez,NYM,OF,34,34,86,10,17,3,0,3,10,4,1,7,30,2,1,3,0.1976744186,0.2783505155,0.3372093023,0.6155598178
Gerardo Parra,SF,OF,32,30,86,8,17,3,0,1,6,2,1,8,18,0,1,2,0.1976744186,0.2783505155,0.2674418605,0.5457923759
Zack Collins,CWS,C,25,27,86,10,16,3,1,3,12,0,0,14,39,0,0,1,0.1860465116,0.3069306931,0.3488372093,0.6557679024
Daniel Palka,CWS,OF,28,30,84,4,9,0,0,2,4,0,1,8,35,0,0,1,0.1071428571,0.1935483871,0.1785714286,0.3721198157
Martin Maldonado,HOU,C,33,27,84,20,17,4,0,6,10,0,0,13,26,0,0,1,0.2023809524,0.3163265306,0.4642857143,0.7806122449
Cesar Puello,MIA,OF,28,32,84,8,15,2,0,1,6,0,0,7,30,1,0,5,0.1785714286,0.28125,0.2380952381,0.5193452381
Chris Herrmann,OAK,C,32,30,84,9,17,3,0,1,8,0,0,9,29,1,0,0,0.2023809524,0.2795698925,0.2738095238,0.5533794163
Wilfredo Tovar,LAA,SS,28,31,83,5,16,5,0,0,5,0,0,5,15,0,0,0,0.1927710843,0.2386363636,0.2530120482,0.4916484118
Jonathan Davis,TOR,OF,27,37,83,8,15,1,0,2,6,3,1,5,24,1,1,5,0.1807228916,0.2659574468,0.265060241,0.5310176878
Nick Martini,SD,OF,29,26,82,7,20,4,1,0,5,0,0,12,21,0,1,1,0.243902439,0.34375,0.3170731707,0.6608231707
Tony Kemp,CHC,2B,28,44,82,8,15,3,2,1,12,0,1,7,18,0,2,2,0.1829268293,0.2580645161,0.3048780488,0.5629425649
Scott Schebler,CIN,OF,29,30,81,11,10,2,0,2,7,0,1,14,27,0,0,0,0.1234567901,0.2526315789,0.2222222222,0.4748538012
Pat Valaika,COL,2B,27,40,79,11,15,5,1,1,4,0,0,7,34,0,0,0,0.1898734177,0.2558139535,0.3164556962,0.5722696497
Jared Walsh,LAA,1B,26,34,79,6,16,5,1,1,5,0,0,6,35,0,0,2,0.2025316456,0.275862069,0.3291139241,0.604975993
Nico Hoerner,CHC,SS,22,20,78,13,22,1,1,3,17,0,0,3,11,0,1,0,0.2820512821,0.3048780488,0.4358974359,0.7407754847
Abraham Toro,HOU,3B,23,25,78,13,17,3,2,2,9,1,1,9,19,0,1,1,0.2179487179,0.3033707865,0.3846153846,0.6879861711
Sam Hilliard,COL,OF,26,27,77,13,21,4,2,7,13,2,0,9,23,0,0,1,0.2727272727,0.3563218391,0.6493506494,1.005672488
Mac Williamson,SEA,OF,29,25,77,10,14,0,0,3,10,0,1,9,26,0,0,1,0.1818181818,0.275862069,0.2987012987,0.5745633677
Brendan Rodgers,COL,2B,23,25,76,8,17,2,0,0,7,0,0,4,27,0,0,1,0.2236842105,0.2716049383,0.25,0.5216049383
Ryan McBroom,KC,OF,27,23,75,8,22,5,0,0,6,0,0,7,25,0,0,1,0.2933333333,0.3614457831,0.36,0.7214457831
Tim Federowicz,TEX,C,32,29,75,6,12,2,0,4,7,1,0,5,31,3,0,0,0.16,0.2125,0.3466666667,0.5591666667
Scott Heineman,TEX,OF,27,25,75,8,16,6,0,2,7,1,2,9,20,0,0,1,0.2133333333,0.3058823529,0.3733333333,0.6792156863
Gavin Lux,LAD,2B,22,23,75,12,18,4,1,2,9,2,0,7,24,0,0,0,0.24,0.3048780488,0.4,0.7048780488
Seth Brown,OAK,OF,27,26,75,11,22,8,2,0,13,1,0,7,23,0,0,1,0.2933333333,0.3614457831,0.4533333333,0.8147791165
Richard Urena,TOR,SS,24,30,74,4,18,6,0,0,4,0,0,2,23,3,0,1,0.2432432432,0.2727272727,0.3243243243,0.5970515971
Yu Chang,CLE,3B,24,28,73,8,13,2,1,1,6,0,0,11,22,0,0,0,0.1780821918,0.2857142857,0.2739726027,0.5596868885
Yangervis Solarte,SF,2B,32,28,73,9,15,5,0,1,7,0,0,4,16,1,0,0,0.2054794521,0.2467532468,0.3150684932,0.5618217399
Yonder Alonso,COL,1B,32,54,73,11,19,7,0,3,10,0,0,10,17,0,0,1,0.2602739726,0.3571428571,0.4794520548,0.8365949119
Kelvin Gutierrez,KC,3B,25,20,73,4,19,2,1,1,11,1,0,5,24,0,1,0,0.2602739726,0.3037974684,0.3561643836,0.6599618519
Robel Garcia,CHC,2B,27,31,72,8,15,2,2,5,11,0,0,7,35,0,1,0,0.2083333333,0.275,0.5,0.775
Matt Skole,CWS,1B,30,27,72,7,15,2,0,0,6,0,0,7,31,0,1,0,0.2083333333,0.275,0.2361111111,0.5111111111
Kevin Cron,ARI,1B,27,39,71,12,15,4,0,6,16,0,1,4,28,0,1,2,0.2112676056,0.2692307692,0.5211267606,0.7903575298
Kyle Lewis,SEA,OF,24,18,71,10,19,5,0,6,13,0,0,3,29,0,1,0,0.2676056338,0.2933333333,0.5915492958,0.8848826291
Austin Wynns,BAL,C,29,28,70,8,15,1,0,1,5,0,0,3,14,1,0,0,0.2142857143,0.2465753425,0.2714285714,0.5180039139
Nick Hundley,OAK,C,36,31,70,5,14,3,1,2,5,0,1,2,18,0,0,1,0.2,0.2328767123,0.3571428571,0.5900195695
Scooter Gennett,CIN,2B,29,21,69,4,15,3,0,0,5,0,0,1,20,0,1,1,0.2173913043,0.2361111111,0.2608695652,0.4969806763
Dustin Garneau,LAA,C,32,28,69,11,16,3,0,2,7,0,0,8,18,0,0,4,0.231884058,0.3456790123,0.3623188406,0.7079978529
Austin Hays,BAL,OF,24,21,68,12,21,6,0,4,13,2,0,7,13,0,0,0,0.3088235294,0.3733333333,0.5735294118,0.9468627451
Kyle Tucker,HOU,OF,23,22,67,15,18,6,0,4,11,5,0,4,20,0,0,1,0.2686567164,0.3194444444,0.5373134328,0.8567578773
Blake Swihart,ARI,OF,27,31,66,9,9,0,0,3,9,0,0,4,29,0,0,0,0.1363636364,0.1857142857,0.2727272727,0.4584415584
Phil Gosselin,PHI,OF,31,44,65,5,17,3,0,0,7,0,0,3,16,0,0,0,0.2615384615,0.2941176471,0.3076923077,0.6018099548
Tyler Saladino,MIL,SS,30,28,65,7,8,0,0,2,8,2,0,5,26,0,0,1,0.1230769231,0.1971830986,0.2153846154,0.412567714
Brett Phillips,KC,OF,25,30,65,7,9,2,0,2,6,3,0,10,23,2,2,0,0.1384615385,0.2467532468,0.2615384615,0.5082917083
Austin Allen,SD,C,26,34,65,4,14,4,0,0,3,0,0,6,21,0,0,0,0.2153846154,0.2816901408,0.2769230769,0.5586132178
Scooter Gennett,SF,2B,29,21,64,11,15,4,0,2,6,0,0,1,21,0,1,1,0.234375,0.2537313433,0.390625,0.6443563433
Thairo Estrada,NYY,2B,24,35,64,12,16,3,0,3,12,4,0,3,15,1,0,1,0.25,0.2941176471,0.4375,0.7316176471
Cedric Mullins,BAL,OF,25,22,64,7,6,0,2,0,4,1,0,4,14,2,1,3,0.09375,0.1805555556,0.15625,0.3368055556
Jack Mayfield,HOU,SS,29,26,64,8,10,5,0,2,5,0,0,1,16,0,0,0,0.15625,0.1692307692,0.328125,0.4973557692
Nicky Delmonico,CWS,OF,27,21,63,6,13,2,0,1,6,0,1,4,25,0,0,1,0.2063492063,0.2647058824,0.2857142857,0.5504201681
John Ryan Murphy,ARI,C,28,25,62,9,11,3,0,4,7,0,0,6,28,1,0,0,0.1774193548,0.25,0.4193548387,0.6693548387
Kendrys Morales,NYY,1B,36,19,62,7,11,1,0,1,5,0,0,12,6,0,0,1,0.1774193548,0.32,0.2419354839,0.5619354839
Jesus Sucre,BAL,C,31,21,62,3,13,2,0,0,3,0,0,4,13,0,0,1,0.2096774194,0.2686567164,0.2419354839,0.5105922003
Adeiny Hechavarria,ATL,SS,30,24,61,14,20,5,1,4,15,0,0,6,15,0,1,2,0.3278688525,0.4,0.6393442623,1.039344262
Luis Guillorme,NYM,2B,25,45,61,8,15,4,0,1,3,0,0,7,14,2,0,0,0.2459016393,0.3235294118,0.3606557377,0.6841851495
Matt Kemp,CIN,OF,35,20,60,4,12,2,0,1,5,0,0,1,19,0,1,0,0.2,0.2096774194,0.2833333333,0.4930107527
Yadiel Rivera,MIA,SS,27,34,60,8,11,2,0,0,3,2,0,6,20,0,0,0,0.1833333333,0.2575757576,0.2166666667,0.4742424242
Giancarlo Stanton,NYY,OF,30,18,59,8,17,3,0,3,13,0,0,12,24,0,1,0,0.2881355932,0.4027777778,0.4915254237,0.8943032015
Franklin Barreto,OAK,2B,24,23,57,6,7,2,0,2,5,1,0,1,23,0,0,0,0.1228070175,0.1379310345,0.2631578947,0.4010889292
Braden Bishop,SEA,OF,26,27,56,3,6,0,0,0,4,0,0,3,21,1,0,0,0.1071428571,0.1525423729,0.1071428571,0.25968523
Jedd Gyorko,STL,3B,31,38,56,5,11,0,0,2,7,2,0,6,14,0,0,0,0.1964285714,0.2741935484,0.3035714286,0.577764977
LaMonte Wade,MIN,OF,26,26,56,10,11,2,1,2,5,0,1,11,9,0,0,2,0.1964285714,0.347826087,0.375,0.722826087
Sheldon Neuse,OAK,2B,25,25,56,3,14,3,0,0,7,0,0,4,19,0,1,0,0.25,0.2950819672,0.3035714286,0.5986533958
Kyle Higashioka,NYY,C,29,18,56,8,12,5,0,3,11,0,0,0,26,0,1,0,0.2142857143,0.2105263158,0.4642857143,0.6748120301
Nick Dini,KC,C,26,20,56,11,11,3,0,2,6,0,0,4,18,1,1,2,0.1964285714,0.2698412698,0.3571428571,0.626984127
Josh Fuentes,COL,1B,27,24,55,8,12,1,0,3,7,1,0,1,20,0,0,0,0.2181818182,0.2321428571,0.4,0.6321428571
Isaac Galloway,MIA,OF,30,19,54,6,9,1,0,0,1,2,0,0,17,0,0,0,0.1666666667,0.1666666667,0.1851851852,0.3518518519
Kris Negron,LAD,OF,34,30,54,9,14,1,0,2,7,0,1,3,17,0,0,0,0.2592592593,0.298245614,0.3888888889,0.6871345029
Jonathan Lucroy,CHC,C,33,27,53,2,10,2,0,1,6,0,0,6,12,0,0,1,0.1886792453,0.2833333333,0.2830188679,0.5663522013
Derek Fisher,HOU,OF,26,17,53,9,12,2,1,1,5,4,1,7,14,0,0,0,0.2264150943,0.3166666667,0.358490566,0.6751572327
Andrew Knizner,STL,C,25,18,53,7,12,2,0,2,7,2,0,4,14,0,0,1,0.2264150943,0.2931034483,0.3773584906,0.6704619388
Sean Murphy,OAK,C,25,20,53,14,13,5,0,4,8,0,0,6,16,0,0,1,0.2452830189,0.3333333333,0.5660377358,0.8993710692
Keon Broxton,SEA,OF,29,29,52,5,6,0,0,2,5,2,4,8,33,0,2,1,0.1153846154,0.2380952381,0.2307692308,0.4688644689
Mac Williamson,SF,OF,29,15,51,3,6,1,0,1,7,2,0,5,18,0,0,1,0.1176470588,0.2105263158,0.1960784314,0.4066047472
Terrance Gore,KC,OF,28,37,51,13,14,2,1,0,1,13,5,6,18,0,0,1,0.2745098039,0.3620689655,0.3529411765,0.715010142
Christian Arroyo,TB,3B,24,16,50,8,11,2,0,2,7,0,0,5,18,1,0,1,0.22,0.3035714286,0.38,0.6835714286
Joey Rickard,SF,OF,28,26,50,4,14,2,0,1,4,1,0,4,17,0,0,0,0.28,0.3333333333,0.38,0.7133333333
Anthony Bemboom,LAA,C,30,22,49,2,5,0,0,1,3,0,0,1,19,1,0,0,0.1020408163,0.12,0.1632653061,0.2832653061
Keon Broxton,NYM,OF,29,34,49,5,7,1,0,0,2,4,1,4,22,0,0,0,0.1428571429,0.2075471698,0.1632653061,0.3708124759
Gorkys Hernandez,BOS,OF,32,20,49,5,7,1,2,0,2,1,0,5,14,2,1,0,0.1428571429,0.2181818182,0.2448979592,0.4630797774
Hanley Ramirez,CLE,1B,36,16,49,4,9,1,0,2,8,0,0,8,17,0,0,0,0.1836734694,0.298245614,0.3265306122,0.6247762263
Chad Wallach,MIA,C,28,19,48,4,12,3,0,1,3,0,0,6,12,0,0,0,0.25,0.3333333333,0.375,0.7083333333
Kyle Garlick,LAD,OF,28,30,48,8,12,4,0,3,6,0,0,5,19,0,0,0,0.25,0.320754717,0.5208333333,0.8415880503
Edwin Rios,LAD,1B,25,28,47,10,13,2,1,4,8,0,0,9,21,0,0,0,0.2765957447,0.3928571429,0.6170212766,1.009878419
J.B. Shuck,PIT,OF,32,27,47,4,10,0,1,0,2,1,1,8,10,1,0,1,0.2127659574,0.3392857143,0.2553191489,0.5946048632
Jake Elmore,PIT,OF,32,20,47,3,10,1,0,0,4,0,1,2,8,0,0,0,0.2127659574,0.2448979592,0.2340425532,0.4789405124
Miguel Andujar,NYY,3B,25,12,47,1,6,0,0,0,1,0,0,1,11,0,1,0,0.1276595745,0.1428571429,0.1276595745,0.2705167173
Michael Perez,TB,C,27,22,46,6,10,5,0,0,2,0,0,8,19,0,0,1,0.2173913043,0.3454545455,0.3260869565,0.671541502
Bobby Bradley,CLE,1B,23,15,45,4,8,5,0,1,4,0,0,4,20,0,0,0,0.1777777778,0.2448979592,0.3555555556,0.6004535147
Chris Owings,BOS,2B,28,26,45,4,7,2,0,1,5,1,1,6,23,0,0,0,0.1555555556,0.2549019608,0.2666666667,0.5215686275
Bobby Wilson,DET,C,36,15,44,2,4,1,0,0,2,0,0,2,11,1,0,0,0.09090909091,0.1304347826,0.1136363636,0.2440711462
Peter Bourjos,LAA,OF,32,26,44,4,4,1,0,0,2,2,0,1,15,0,1,0,0.09090909091,0.1086956522,0.1136363636,0.2223320158
AJ Reed,CWS,1B,26,14,44,1,6,0,0,1,4,0,0,4,21,0,1,0,0.1363636364,0.2040816327,0.2045454545,0.4086270872
Dustin Peterson,DET,OF,25,17,44,3,10,4,0,0,6,1,0,2,14,0,0,1,0.2272727273,0.2765957447,0.3181818182,0.5947775629
Alen Hanson,TOR,2B,27,18,43,5,7,0,0,0,4,1,0,3,17,0,1,1,0.1627906977,0.2291666667,0.1627906977,0.3919573643
Drew Butera,COL,C,36,16,43,6,7,3,0,0,3,0,0,4,14,1,1,0,0.1627906977,0.2291666667,0.2325581395,0.4617248062
Max Stassi,LAA,C,29,20,42,3,3,0,0,0,2,0,0,5,15,0,2,0,0.07142857143,0.1632653061,0.07142857143,0.2346938776
Peter O'Brien,MIA,OF,29,14,42,2,7,1,0,1,4,1,0,4,19,0,0,1,0.1666666667,0.2553191489,0.2619047619,0.5172239108
Aramis Garcia,SF,C,27,18,42,5,6,1,0,2,5,0,0,4,21,0,0,0,0.1428571429,0.2173913043,0.3095238095,0.5269151139
Taylor Ward,LAA,OF,26,20,42,4,8,3,0,1,2,0,0,6,23,0,0,0,0.1904761905,0.2916666667,0.3333333333,0.625
Kevin Kramer,PIT,OF,26,22,42,5,7,1,0,0,5,0,1,6,17,0,2,0,0.1666666667,0.26,0.1904761905,0.4504761905
Jaylin Davis,SF,OF,25,17,42,2,7,0,0,1,3,1,2,3,11,0,0,2,0.1666666667,0.2553191489,0.2380952381,0.493414387
Brian O'Grady,CIN,OF,27,28,42,4,8,2,1,2,3,0,0,4,17,0,0,2,0.1904761905,0.2916666667,0.4285714286,0.7202380952
Eric Stamets,CLE,SS,28,15,41,4,2,1,0,0,2,0,0,5,24,1,1,0,0.0487804878,0.1489361702,0.07317073171,0.2221069019
Billy Hamilton,ATL,OF,29,26,41,9,11,2,0,0,3,4,1,7,13,0,0,0,0.2682926829,0.375,0.3170731707,0.6920731707
Cesar Puello,LAA,OF,28,12,41,6,16,3,0,3,12,0,0,3,8,0,0,6,0.3902439024,0.5,0.6829268293,1.182926829
Carlos Gonzalez,CHC,OF,34,15,40,8,7,2,0,1,3,0,2,8,19,0,1,0,0.175,0.306122449,0.3,0.606122449
Magneuris Sierra,MIA,OF,23,15,40,5,14,1,1,0,1,3,3,2,7,0,0,0,0.35,0.380952381,0.425,0.805952381
Jake Fraley,SEA,OF,24,12,40,3,6,2,0,0,1,0,0,0,14,0,0,1,0.15,0.1707317073,0.2,0.3707317073
Carter Kieboom,WAS,SS,22,11,39,4,5,0,0,2,2,0,0,4,16,0,0,0,0.1282051282,0.2093023256,0.2820512821,0.4913536076
Danny Mendick,CWS,SS,26,16,39,6,12,0,0,2,4,0,0,1,11,0,0,0,0.3076923077,0.325,0.4615384615,0.7865384615
Socrates Brito,TOR,OF,27,17,39,5,3,0,1,0,2,0,0,4,17,0,0,0,0.07692307692,0.1627906977,0.1282051282,0.2909958259
Dom Nunez,COL,C,25,16,39,4,7,3,0,2,4,0,0,3,17,0,1,0,0.1794871795,0.2325581395,0.4102564103,0.6428145498
Rangel Ravelo,STL,1B,27,29,39,4,8,2,0,2,7,0,0,3,12,0,1,0,0.2051282051,0.2558139535,0.4102564103,0.6660703637
Caleb Joseph,ARI,C,33,20,38,5,8,2,0,0,3,0,0,1,10,1,0,1,0.2105263158,0.25,0.2631578947,0.5131578947
Lane Thomas,STL,OF,24,34,38,6,12,0,1,4,12,1,1,4,8,0,0,2,0.3157894737,0.4090909091,0.6842105263,1.093301435
Corban Joseph,OAK,2B,31,11,37,4,7,2,0,1,5,0,0,2,5,0,1,0,0.1891891892,0.225,0.3243243243,0.5493243243
Jedd Gyorko,LAD,3B,31,24,36,1,5,1,0,0,2,0,0,3,10,0,0,0,0.1388888889,0.2051282051,0.1666666667,0.3717948718
Brad Miller,CLE,3B,30,13,36,4,9,3,0,1,4,1,0,4,10,0,0,0,0.25,0.325,0.4166666667,0.7416666667
Mark Zagunis,CHC,OF,27,30,36,2,9,3,0,0,5,0,0,4,16,0,0,0,0.25,0.325,0.3333333333,0.6583333333
Alex Blandino,CIN,2B,27,23,36,6,9,1,0,1,3,0,0,10,14,0,2,2,0.25,0.42,0.3611111111,0.7811111111
Michael Hermosillo,LAA,OF,25,18,36,7,5,1,1,0,3,2,0,5,19,0,1,4,0.1388888889,0.3043478261,0.2222222222,0.5265700483
Jason Martin,PIT,OF,24,20,36,5,9,2,0,0,2,2,0,4,10,0,0,0,0.25,0.325,0.3055555556,0.6305555556
Garrett Stubbs,HOU,C,26,19,35,8,7,3,0,0,2,1,0,4,7,0,0,0,0.2,0.2820512821,0.2857142857,0.5677655678
Greg Bird,NYY,1B,27,10,35,6,6,0,0,1,1,0,0,6,16,0,0,0,0.1714285714,0.2926829268,0.2571428571,0.549825784
Logan Morrison,PHI,1B,32,29,35,5,7,1,0,2,3,0,0,3,10,0,0,0,0.2,0.2631578947,0.4,0.6631578947
Erik Kratz,SF,C,39,15,32,1,4,2,0,1,3,0,0,2,6,0,0,2,0.125,0.2222222222,0.28125,0.5034722222
Francisco Cervelli,ATL,C,34,14,32,4,9,5,1,2,7,0,0,4,10,0,0,1,0.28125,0.3783783784,0.6875,1.065878378
Breyvic Valera,NYY,2B,28,12,32,5,7,1,1,0,3,0,0,4,5,0,0,1,0.21875,0.3243243243,0.3125,0.6368243243
Max Moroff,CLE,2B,26,20,32,3,4,1,0,1,4,1,0,2,16,1,0,0,0.125,0.1764705882,0.25,0.4264705882
Abraham Almonte,ARI,OF,30,17,31,11,9,3,1,1,4,0,0,7,8,0,0,0,0.2903225806,0.4210526316,0.5483870968,0.9694397284
Aaron Altherr,NYM,OF,29,26,31,6,4,1,0,1,2,0,0,2,15,0,1,1,0.1290322581,0.2,0.2580645161,0.4580645161
Adrian Sanchez,WAS,3B,29,28,31,3,7,0,0,0,1,0,0,1,10,0,0,0,0.2258064516,0.25,0.2258064516,0.4758064516
Mason Williams,BAL,OF,28,11,30,4,8,1,0,0,2,1,0,3,6,0,1,0,0.2666666667,0.3235294118,0.3,0.6235294118
Andrew Stevenson,WAS,OF,25,30,30,4,11,1,1,0,0,0,1,6,11,0,0,1,0.3666666667,0.4864864865,0.4666666667,0.9531531532
Seth Mejias-Brean,SD,1B,28,14,30,3,7,2,0,2,5,0,0,3,9,0,0,0,0.2333333333,0.303030303,0.5,0.803030303
Aaron Altherr,PHI,OF,29,22,29,2,1,1,0,0,1,0,0,1,9,0,0,0,0.03448275862,0.06666666667,0.06896551724,0.1356321839
Mark Trumbo,BAL,1B,34,12,29,1,5,3,0,0,3,0,0,2,5,0,0,0,0.1724137931,0.2258064516,0.275862069,0.5016685206
Anthony Alford,TOR,OF,25,16,28,3,5,0,0,1,1,2,0,1,11,0,0,1,0.1785714286,0.2333333333,0.2857142857,0.519047619
Patrick Wisdom,TEX,1B,28,9,26,1,4,1,0,0,1,0,0,1,15,1,0,0,0.1538461538,0.1851851852,0.1923076923,0.3774928775
Blake Swihart,BOS,OF,27,12,26,4,6,1,0,1,4,0,0,2,7,0,0,1,0.2307692308,0.3103448276,0.3846153846,0.6949602122
Kaleb Cowart,LAA,3B,27,9,25,1,4,3,0,0,1,1,0,1,7,0,0,0,0.16,0.1923076923,0.28,0.4723076923
Rajai Davis,NYM,OF,39,29,25,4,5,2,0,1,8,0,1,1,5,0,0,0,0.2,0.2307692308,0.4,0.6307692308
Domingo Leyba,ARI,2B,24,21,25,6,7,2,1,0,5,0,0,4,9,0,1,0,0.28,0.3666666667,0.44,0.8066666667
Mike Gerber,SF,OF,27,12,24,0,1,1,0,0,0,0,0,2,15,0,0,0,0.04166666667,0.1153846154,0.08333333333,0.1987179487
Ryan Court,SEA,1B,31,12,24,1,5,1,0,1,5,0,0,1,11,0,0,0,0.2083333333,0.24,0.375,0.615
Beau Taylor,OAK,C,30,10,23,3,4,0,0,2,2,0,0,4,6,0,0,1,0.1739130435,0.3214285714,0.4347826087,0.7562111801
Kris Negron,SEA,OF,34,10,23,3,5,0,0,0,1,1,0,2,9,0,0,0,0.2173913043,0.28,0.2173913043,0.4973913043
Travis d'Arnaud,NYM,C,31,10,23,2,2,0,0,0,2,0,0,2,5,0,0,0,0.08695652174,0.16,0.08695652174,0.2469565217
Ryan LaMarre,MIN,OF,31,14,23,3,5,0,0,2,3,1,1,3,5,0,0,0,0.2173913043,0.3076923077,0.4782608696,0.7859531773
Mikie Mahtook,DET,OF,30,9,23,0,0,0,0,0,0,0,0,2,11,0,0,0,0,0.08,0,0.08
Cristhian Adames,SF,2B,28,10,22,1,7,1,0,0,2,0,0,2,8,0,0,0,0.3181818182,0.375,0.3636363636,0.7386363636
Travis Jankowski,SD,OF,28,25,22,4,4,0,0,0,0,2,2,2,4,0,0,0,0.1818181818,0.25,0.1818181818,0.4318181818
Tyler White,LAD,1B,29,12,22,2,1,0,0,0,2,0,0,4,4,0,0,0,0.04545454545,0.1923076923,0.04545454545,0.2377622378
Erick Mejia,KC,OF,25,9,22,3,5,1,0,0,4,0,0,4,7,0,1,0,0.2272727273,0.3333333333,0.2727272727,0.6060606061
Ryan Flaherty,CLE,3B,33,14,21,4,3,2,0,0,1,0,0,0,7,1,0,0,0.1428571429,0.1428571429,0.2380952381,0.380952381
Dustin Pedroia,BOS,2B,36,6,20,1,2,0,0,0,1,0,0,1,2,0,0,0,0.1,0.1428571429,0.1,0.2428571429
Tzu-Wei Lin,BOS,2B,26,13,20,3,4,2,0,0,1,1,1,2,6,0,0,0,0.2,0.2727272727,0.3,0.5727272727
Jorge Bonifacio,KC,OF,26,5,20,3,7,3,0,0,3,0,0,1,7,0,0,0,0.35,0.380952381,0.5,0.880952381
Tyler Austin,MIL,1B,28,17,20,5,4,2,0,1,4,1,0,6,7,0,1,0,0.2,0.3703703704,0.45,0.8203703704
Randy Arozarena,STL,OF,25,19,20,4,6,1,0,1,2,2,1,2,4,0,0,1,0.3,0.3913043478,0.5,0.8913043478
Alex Dickerson,SD,OF,29,12,19,1,3,0,0,0,2,0,0,0,7,0,0,0,0.1578947368,0.1578947368,0.1578947368,0.3157894737
Ryan Lavarnway,CIN,C,32,5,18,4,5,2,0,2,7,0,0,1,5,0,0,0,0.2777777778,0.3157894737,0.7222222222,1.038011696
Chris Shaw,SF,1B,25,16,18,0,1,0,0,0,0,0,0,2,8,0,0,0,0.05555555556,0.15,0.05555555556,0.2055555556
Juan Graterol,CIN,C,31,6,18,1,4,0,0,0,1,0,0,0,4,0,0,0,0.2222222222,0.2222222222,0.2222222222,0.4444444444
Taylor Davis,CHC,C,30,7,18,2,3,0,0,1,4,0,0,2,4,0,0,0,0.1666666667,0.25,0.3333333333,0.5833333333
Ian Miller,MIN,OF,28,12,17,2,3,1,0,0,1,0,0,0,3,0,0,0,0.1764705882,0.1764705882,0.2352941176,0.4117647059
Dustin Garneau,OAK,C,32,7,17,3,5,2,0,1,7,0,0,2,4,0,0,0,0.2941176471,0.3684210526,0.5882352941,0.9566563467
Jose Pirela,PHI,OF,30,12,17,1,4,1,0,1,2,0,0,2,4,0,0,0,0.2352941176,0.3157894737,0.4705882353,0.786377709
Erik Kratz,TB,C,39,6,17,0,1,0,0,0,0,0,0,0,8,0,0,0,0.05882352941,0.05882352941,0.05882352941,0.1176470588
Rene Rivera,NYM,C,36,9,17,2,4,0,0,1,3,0,0,3,4,0,0,0,0.2352941176,0.35,0.4117647059,0.7617647059
Corban Joseph,SF,2B,31,8,16,0,1,0,0,0,2,0,0,1,6,0,0,0,0.0625,0.1176470588,0.0625,0.1801470588
Kevin Pillar,TOR,OF,31,5,16,1,1,0,0,0,1,0,0,0,3,0,1,0,0.0625,0.05882352941,0.0625,0.1213235294
Ronald Torreyes,MIN,SS,27,7,16,3,3,0,0,0,1,1,0,0,3,0,0,1,0.1875,0.2352941176,0.1875,0.4227941176
Eric Haase,CLE,C,27,10,16,1,1,0,0,1,3,0,0,1,8,0,0,0,0.0625,0.1176470588,0.25,0.3676470588
Donovan Walton,SEA,SS,25,7,16,2,3,0,0,0,2,0,1,3,5,0,0,0,0.1875,0.3157894737,0.1875,0.5032894737
Frank Schwindel,KC,1B,27,6,15,0,1,0,0,0,0,0,0,0,2,0,0,0,0.06666666667,0.06666666667,0.06666666667,0.1333333333
Breyvic Valera,TOR,2B,28,5,15,2,4,1,0,1,3,0,0,0,2,0,0,0,0.2666666667,0.2666666667,0.5333333333,0.8
Connor Joe,SF,OF,27,8,15,1,1,0,0,0,0,0,0,1,5,0,0,0,0.06666666667,0.125,0.06666666667,0.1916666667
Juan Centeno,BOS,C,30,7,15,0,2,0,0,0,2,1,0,2,2,0,0,1,0.1333333333,0.2777777778,0.1333333333,0.4111111111
Franchy Cordero,SD,OF,25,9,15,2,5,1,0,0,1,1,0,4,7,0,1,0,0.3333333333,0.45,0.4,0.85
Rocky Gale,LAD,C,32,5,15,1,2,0,0,0,0,0,0,0,7,0,0,0,0.1333333333,0.1333333333,0.1333333333,0.2666666667
Kean Wong,TB,2B,24,6,14,1,3,0,0,0,0,0,1,0,5,0,0,0,0.2142857143,0.2142857143,0.2142857143,0.4285714286
Luis Torrens,SD,C,23,7,14,2,3,1,0,0,0,0,0,2,6,0,0,0,0.2142857143,0.3125,0.2857142857,0.5982142857
Zach Green,SF,3B,26,8,14,1,2,1,0,0,1,0,0,2,6,0,0,0,0.1428571429,0.25,0.2142857143,0.4642857143
David Freitas,MIL,C,31,16,13,1,1,0,0,0,0,0,0,3,5,0,0,0,0.07692307692,0.25,0.07692307692,0.3269230769
Alex Jackson,ATL,C,24,4,13,0,0,0,0,0,0,0,0,1,5,0,0,1,0,0.1333333333,0,0.1333333333
Bradley Zimmer,CLE,OF,27,9,13,1,0,0,0,0,0,0,0,1,7,0,0,0,0,0.07142857143,0,0.07142857143
Andrew Velazquez,TB,2B,25,10,12,2,1,1,0,0,0,0,0,0,6,0,0,0,0.08333333333,0.08333333333,0.1666666667,0.25
Jarrett Parker,LAA,OF,31,5,12,1,0,0,0,0,0,0,0,3,8,0,0,0,0,0.2,0,0.2
Seby Zavala,CWS,C,26,5,12,1,1,0,0,0,0,0,0,0,9,0,0,0,0.08333333333,0.08333333333,0.08333333333,0.1666666667
Jake Noll,WAS,1B,26,8,12,1,2,1,0,0,2,0,0,1,4,0,0,0,0.1666666667,0.2307692308,0.25,0.4807692308
Raudy Read,WAS,C,26,6,11,0,1,0,0,0,0,0,0,0,5,0,0,0,0.09090909091,0.09090909091,0.09090909091,0.1818181818
Nick Martini,OAK,OF,29,6,11,1,1,0,0,1,2,0,0,2,5,0,0,0,0.09090909091,0.2307692308,0.3636363636,0.5944055944
Corban Joseph,PIT,2B,31,9,11,1,2,1,0,0,0,0,0,0,1,0,0,0,0.1818181818,0.1818181818,0.2727272727,0.4545454545
Troy Tulowitzki,NYY,SS,35,5,11,1,2,1,0,1,1,0,0,2,4,0,0,0,0.1818181818,0.3076923077,0.5454545455,0.8531468531
Andrew Velazquez,CLE,2B,25,5,11,1,1,1,0,0,0,1,0,1,7,0,0,0,0.09090909091,0.1666666667,0.1818181818,0.3484848485
Tyler Heineman,MIA,C,28,5,11,1,3,1,0,1,2,0,0,0,4,1,0,0,0.2727272727,0.2727272727,0.6363636364,0.9090909091
Martin Maldonado,CHC,C,33,4,11,0,0,0,0,0,0,0,0,2,5,0,0,0,0,0.1538461538,0,0.1538461538
Tyrone Taylor,MIL,OF,26,15,10,1,4,2,0,0,1,0,0,1,1,0,0,1,0.4,0.5,0.6,1.1
Skye Bolt,OAK,OF,26,5,10,1,1,1,0,0,0,0,0,1,3,0,0,0,0.1,0.1818181818,0.2,0.3818181818
Steve Baron,PIT,C,29,7,10,0,2,1,0,0,1,0,0,0,6,0,0,0,0.2,0.2,0.3,0.5
Ruben Tejada,NYM,SS,30,6,9,1,0,0,0,0,0,0,0,0,3,0,0,0,0,0,0,0
Deivy Grullon,PHI,C,24,4,9,0,1,1,0,0,1,0,0,0,2,0,0,0,0.1111111111,0.1111111111,0.2222222222,0.3333333333
Michael Reed,SF,OF,27,4,8,0,0,0,0,0,0,0,0,0,6,0,0,0,0,0,0,0
Edmundo Sosa,STL,2B,24,8,8,2,2,0,0,0,0,1,0,1,2,0,0,1,0.25,0.4,0.25,0.65
Wilkin Castillo,MIA,C,35,2,7,0,1,1,0,0,2,0,0,0,3,0,0,0,0.1428571429,0.1428571429,0.2857142857,0.4285714286
Jed Lowrie,NYM,2B,35,9,7,0,0,0,0,0,0,0,0,1,4,0,0,0,0,0.125,0,0.125
Drew Robinson,STL,OF,27,5,7,1,1,0,0,0,0,0,0,0,3,0,0,0,0.1428571429,0.1428571429,0.1428571429,0.2857142857
Abiatal Avelino,SF,SS,25,4,7,0,2,0,0,0,1,0,0,1,3,0,0,0,0.2857142857,0.375,0.2857142857,0.6607142857
Christian Colon,CIN,2B,30,8,6,1,3,0,0,0,1,0,0,0,0,0,0,2,0.5,0.625,0.5,1.125
Jacob Nottingham,MIL,C,24,9,6,1,2,0,0,1,4,0,0,0,2,0,0,1,0.3333333333,0.4285714286,0.8333333333,1.261904762
Nick Ciuffo,TB,C,25,3,6,0,1,0,0,0,0,0,0,0,3,0,0,0,0.1666666667,0.1666666667,0.1666666667,0.3333333333
Yasmany Tomas,ARI,OF,29,4,6,0,0,0,0,0,0,0,0,0,3,0,0,0,0,0,0,0
Jose Pirela,SD,OF,30,2,5,0,0,0,0,0,0,0,0,0,3,0,0,0,0,0,0,0
Deven Marrero,MIA,SS,29,5,5,0,0,0,0,0,0,0,0,0,3,0,0,0,0,0,0,0
Jim Adduci,CHC,OF,34,2,5,0,0,0,0,0,0,0,0,0,3,0,0,0,0,0,0,0
Ichiro Suzuki,SEA,OF,46,2,5,0,0,0,0,0,0,0,0,1,1,0,0,0,0,0.1666666667,0,0.1666666667
Anthony Bemboom,TB,C,30,3,5,0,2,1,0,0,1,0,0,0,2,0,0,0,0.4,0.4,0.6,1
Johnny Davis,TB,OF,29,8,4,5,1,0,1,0,0,0,0,0,2,0,0,0,0.25,0.25,0.75,1
Sam Haggerty,NYM,2B,25,11,4,2,0,0,0,0,0,0,0,0,3,0,0,0,0,0,0,0
Tyler Austin,MIN,1B,28,2,4,1,1,1,0,0,0,0,0,1,3,0,0,0,0.25,0.4,0.5,0.9
Kean Wong,LAA,2B,24,1,4,1,0,0,0,0,0,0,0,0,1,0,0,0,0,0,0,0
Drew Jackson,BAL,OF,26,3,3,0,0,0,0,0,0,0,0,1,1,0,0,0,0,0.25,0,0.25
Mauricio Dubon,MIL,2B,25,2,2,0,0,0,0,0,0,0,0,0,1,0,0,0,0,0,0,0
David Freitas,SEA,C,31,1,2,1,0,0,0,0,1,0,0,1,0,0,1,0,0,0.25,0,0.25
Beau Taylor,TOR,C,30,1,2,0,0,0,0,0,0,0,0,0,1,0,0,0,0,0,0,0
Mitch Walding,PHI,3B,27,2,2,0,0,0,0,0,0,0,0,0,2,0,0,0,0,0,0,0
Noel Cuevas,COL,OF,28,1,2,0,0,0,0,0,0,0,0,0,0,0,0,0,0,0,0,0
Tres Barrera,WAS,C,25,2,2,0,0,0,0,0,0,0,0,0,0,0,0,0,0,0,0,0
Joe Hudson,STL,C,28,1,1,0,0,0,0,0,0,0,0,0,1,0,0,0,0,0,0,0
Dylan Cozens,PHI,OF,25,1,1,0,0,0,0,0,0,0,0,0,0,0,0,0,0,0,0,0
Jose Rondon,BAL,2B,26,1,1,0,0,0,0,0,0,0,0,0,0,0,0,0,0,0,0,0
Travis d'Arnaud,LAD,C,31,1,1,0,0,0,0,0,0,0,0,0,0,0,0,0,0,0,0,0
Aaron Altherr,SF,OF,29,1,1,0,0,0,0,0,0,0,0,0,1,0,0,0,0,0,0,0
Rob Brantly,PHI,C,30,1,1,0,0,0,0,0,0,0,0,0,1,0,0,0,0,0,0,0
John Ryan Murphy,ATL,C,28,1,1,0,0,0,0,0,0,0,0,0,0,0,0,0,0,0,0,0